{"stats":{"minecraft:broken":{"minecraft:stone_pickaxe":1},"minecraft:crafted":{"minecraft:oak_planks":40,"minecraft:furnace":1,"quark:deepslate_furnace":1,"realisticforging:two_sticks":1,"minecraft:stone_pickaxe":2,"minecraft:cauldron":1,"minecraft:crafting_table":6,"minecraft:spruce_planks":60,"minecraft:wooden_pickaxe":2,"minecraft:bucket":1,"realisticforging:hotrawironore":4,"minecraft:stick":12,"minecraft:iron_ingot":54,"minecraft:wooden_axe":1,"minecraft:stone_sword":1},"minecraft:dropped":{"minecraft:wheat_seeds":6,"minecraft:polished_andesite":1,"minecraft:cobblestone_stairs":1,"zombie_extreme:baseball_bat":2,"realisticforging:two_sticks":1,"minecraft:bone":1,"realisticforging:hotrawironore":10,"minecraft:wheat":4,"minecraft:rotten_flesh":2,"minecraft:leather_chestplate":1,"minecraft:wooden_pickaxe":1},"minecraft:used":{"minecraft:stone_sword":87,"minecraft:iron_shovel":1,"minecraft:torch":10,"minecraft:dirt":11,"minecraft:carrot":22,"minecraft:dark_oak_planks":4,"minecraft:wooden_axe":15,"minecraft:cyan_terracotta":4,"quark:deepslate_furnace":1,"butcher:bloodgrate":1,"minecraft:furnace":2,"minecraft:cobbled_deepslate":82,"minecraft:light_gray_bed":7,"minecraft:water_bucket":6,"minecraft:glass_bottle":9,"minecraft:stone_pickaxe":232,"minecraft:baked_potato":1,"minecraft:oak_planks":10,"minecraft:wooden_pickaxe":2,"minecraft:cauldron":1,"minecraft:diamond_axe":11,"minecraft:crafting_table":7,"minecraft:spruce_log":3,"minecraft:apple":9,"minecraft:bread":15,"zombie_extreme:baseball_bat":19,"minecraft:cobblestone":13,"minecraft:potion":15,"minecraft:bucket":6,"minecraft:air":1},"minecraft:mined":{"minecraft:dark_oak_planks":7,"minecraft:tuff":1,"butcher:bloodgrate":1,"minecraft:cobblestone_stairs":1,"minecraft:grass_block":3,"minecraft:spruce_fence":1,"minecraft:light_gray_bed":6,"minecraft:spruce_leaves":32,"spore:growths_small":1,"minecraft:furnace":1,"fight_or_die:blood_splash1":1,"minecraft:iron_ore":26,"minecraft:cobbled_deepslate":3,"spore:growth_mycelium":1,"minecraft:deepslate_iron_ore":15,"minecraft:vine":1,"minecraft:spruce_wood":13,"minecraft:stone":18,"minecraft:iron_block":6,"minecraft:white_wool":1,"minecraft:podzol":1,"minecraft:cyan_terracotta":5,"spore:growths_big":1,"minecraft:oak_fence":1,"minecraft:crafting_table":1,"minecraft:torch":1,"minecraft:sponge":7,"minecraft:white_stained_glass_pane":3,"minecraft:tall_grass":1,"minecraft:cobblestone":3,"minecraft:wall_torch":3,"minecraft:seagrass":2,"minecraft:black_stained_glass":1,"minecraft:mud":1,"spore:bloomfung2":1,"minecraft:spruce_log":7,"minecraft:birch_leaves":26,"fight_or_die:blood_splash2":3,"minecraft:stone_brick_stairs":2,"minecraft:smooth_stone_slab":1,"minecraft:grass":4,"minecraft:coal_ore":29,"minecraft:oak_log":10,"minecraft:dirt":11,"minecraft:gravel":2,"minecraft:cobweb":3,"minecraft:tripwire_hook":1,"minecraft:polished_andesite":1,"minecraft:stone_bricks":6,"minecraft:deepslate":107},"minecraft:killed_by":{"fight_or_die:mutated_villager":1,"spore:inf_human":1,"spore:inf_player":1,"fight_or_die:springer":2,"minecraft:zombie":1,"fight_or_die:mutated_human":1},"minecraft:picked_up":{"minecraft:mud":1,"minecraft:crafting_table":1,"minecraft:wheat":8,"minecraft:wither_rose":2,"minecraft:shield":1,"minecraft:string":8,"minecraft:cobbled_deepslate":108,"minecraft:spruce_planks":13,"quark:black_shard":2,"minecraft:birch_sapling":2,"minecraft:furnace":1,"minecraft:stick":1,"butcher:bloodgrate":1,"minecraft:torch":11,"minecraft:spruce_fence":1,"minecraft:dark_oak_planks":5,"minecraft:rotten_flesh":2,"minecraft:light_gray_bed":7,"minecraft:iron_block":6,"realisticforging:raw_iron_ore":100,"minecraft:cyan_terracotta":4,"minecraft:cobblestone":20,"minecraft:sponge":6,"minecraft:tripwire_hook":1,"minecraft:oak_log":10,"minecraft:cobblestone_stairs":1,"minecraft:dirt":17,"minecraft:bone":1,"minecraft:wheat_seeds":6,"minecraft:spruce_wood":13,"realisticforging:cleanedironore":17,"spore:mutated_fiber":3,"minecraft:glass_bottle":1,"realisticforging:hotrawironore":6,"minecraft:spruce_sapling":3,"minecraft:spruce_log":5,"minecraft:polished_andesite":1,"tacz:modern_kinetic_gun":1,"zombie_extreme:swat_suit_boots":1,"minecraft:coal":29},"minecraft:killed":{"undead_revamp2:thewolf":1,"fight_or_die:springer":2,"zombie_extreme:demolisher":3,"zombie_extreme:revived":2,"zombie_extreme:zero_patient":1,"spore:inf_human":1,"minecraft:zombie":1,"alexsmobs:fly":1,"apollyon:the_damned":1,"zombie_extreme:rat_king":1},"minecraft:custom":{"minecraft:mob_kills":14,"minecraft:interact_with_crafting_table":15,"minecraft:open_barrel":15,"minecraft:damage_dealt_resisted":18,"minecraft:leave_game":1,"minecraft:time_since_death":5431,"minecraft:climb_one_cm":16548,"minecraft:sprint_one_cm":147965,"minecraft:walk_one_cm":295777,"minecraft:drop":24,"minecraft:play_time":120936,"minecraft:deaths":11,"minecraft:sneak_time":9029,"minecraft:walk_under_water_one_cm":13580,"minecraft:boat_one_cm":9585,"minecraft:jump":1607,"minecraft:interact_with_brewingstand":3,"minecraft:interact_with_blast_furnace":2,"minecraft:walk_on_water_one_cm":16287,"minecraft:total_world_time":120936,"minecraft:interact_with_furnace":15,"minecraft:sleep_in_bed":7,"minecraft:time_since_rest":1,"minecraft:damage_taken":4222,"minecraft:trigger_trapped_chest":3,"minecraft:damage_dealt":3553,"minecraft:swim_one_cm":5635,"minecraft:fly_one_cm":225561,"minecraft:open_chest":16,"minecraft:crouch_one_cm":16458,"minecraft:fall_one_cm":44860,"minecraft:inspect_dispenser":2}},"DataVersion":3465}