{"stats":{"minecraft:dropped":{"minecraft:birch_planks":1,"minecraft:wheat_seeds":4,"minecraft:cornflower":1,"zombie_extreme:baseball_bat":1,"minecraft:potion":2,"minecraft:iron_leggings":1,"minecraft:iron_pickaxe":1,"minecraft:paper":1,"minecraft:stone_axe":1,"minecraft:bowl":1,"minecraft:birch_sapling":1,"undead_revamp2:arapholia":1,"minecraft:rotten_flesh":4,"minecraft:leather_chestplate":1,"minecraft:iron_chestplate":1,"minecraft:leather_boots":1,"zombie_extreme:butcher_knife":1,"minecraft:oak_sapling":11,"minecraft:stone_bricks":1,"minecraft:wooden_pickaxe":1},"minecraft:custom":{"minecraft:mob_kills":46,"minecraft:interact_with_crafting_table":31,"minecraft:open_barrel":11,"minecraft:damage_dealt_resisted":3770,"minecraft:time_since_death":6293,"minecraft:climb_one_cm":1928,"minecraft:sprint_one_cm":172300,"minecraft:walk_one_cm":415122,"minecraft:damage_blocked_by_shield":2160,"minecraft:drop":24,"minecraft:damage_dealt_absorbed":0,"minecraft:play_time":126831,"minecraft:deaths":6,"minecraft:sneak_time":6842,"minecraft:walk_under_water_one_cm":17005,"minecraft:jump":1586,"minecraft:walk_on_water_one_cm":26565,"minecraft:total_world_time":126831,"minecraft:interact_with_furnace":50,"minecraft:sleep_in_bed":4,"minecraft:time_since_rest":6326,"minecraft:damage_taken":3912,"minecraft:damage_dealt":9452,"minecraft:swim_one_cm":13707,"minecraft:fly_one_cm":203662,"minecraft:open_chest":69,"minecraft:crouch_one_cm":13575,"minecraft:fall_one_cm":55681},"minecraft:crafted":{"minecraft:oak_planks":160,"zombie_extreme:steel_pickaxe":1,"zombie_extreme:ignotsteel":28,"minecraft:furnace":5,"zombie_extreme:combat_armor_chestplate":1,"minecraft:glass":3,"minecraft:iron_boots":1,"minecraft:stone_pickaxe":1,"minecraft:chest":2,"minecraft:glass_bottle":3,"minecraft:cooked_porkchop":3,"minecraft:crafting_table":7,"minecraft:wooden_pickaxe":1,"minecraft:iron_helmet":1,"zombie_extreme:steel_plate":4,"minecraft:bucket":1,"minecraft:birch_planks":20,"minecraft:stone_axe":1,"minecraft:air":0,"zombie_extreme:combat_armor_leggings":1,"minecraft:white_wool":3,"minecraft:iron_chestplate":1,"minecraft:shield":1,"minecraft:stick":24,"minecraft:iron_ingot":46,"minecraft:iron_pickaxe":3,"minecraft:iron_leggings":1,"minecraft:white_bed":1,"hunting_delight:cookedhumanmeat":8,"minecraft:torch":92},"minecraft:killed":{"undead_revamp2:thehunter":1,"zombie_extreme:night_hunter":2,"zombie_extreme:infected_juggernaut":2,"undead_revamp2:thebidy":1,"fatzombie:fat_zombie_red":3,"undead_revamp2:thehorrors":1,"zombie_extreme:runner":1,"undead_revamp2:thespectre":1,"zombie_extreme:crawler":2,"minecraft:pig":1,"zombie_extreme:infected":5,"zombie_extreme:infected_hazmat":1,"undead_revamp2:the_moonflower":1,"fatzombie:fat_zombie_green":3,"undead_revamp2:theheavy":1,"zombie_extreme:chainsaw":1,"minecraft:zombie":8,"zombie_extreme:devastated":1,"zombie_extreme:infected_police":3,"zombie_extreme:assasin_black_ops":2},"minecraft:killed_by":{"zombie_extreme:night_hunter":1,"zombie_extreme:assasin_black_ops":1,"zombie_extreme:bomber":1,"minecraft:zombie":3},"minecraft:mined":{"minecraft:tuff":3,"minecraft:white_bed":5,"minecraft:brown_concrete":4,"minecraft:quartz_stairs":1,"minecraft:granite":4,"minecraft:grass_block":3,"hunting_delight:pigcorpse":1,"zombie_extreme:deepslate_lead":13,"zombie_extreme:empty_cans":1,"minecraft:redstone_ore":1,"minecraft:furnace":5,"zombie_extreme:ore_lead":2,"minecraft:iron_ore":36,"minecraft:cobbled_deepslate":7,"zombie_extreme:ore_steel":19,"minecraft:andesite":2,"minecraft:deepslate_lapis_ore":2,"minecraft:bookshelf":12,"minecraft:pointed_dripstone":6,"zombie_extreme:deepslate_tin":40,"minecraft:deepslate_iron_ore":36,"minecraft:light_gray_concrete":1,"minecraft:stone":99,"zombie_extreme:deepslate_aluminum":13,"minecraft:deepslate_redstone_ore":8,"minecraft:glass_pane":2,"minecraft:crafting_table":2,"minecraft:torch":2,"minecraft:cobblestone":6,"minecraft:deepslate_gold_ore":7,"minecraft:sugar_cane":1,"minecraft:bricks":4,"minecraft:diorite":1,"minecraft:wall_torch":1,"minecraft:white_terracotta":6,"zombie_extreme:deepslate_ruby":3,"zombie_extreme:ore_tin":3,"zombie_extreme:thorium_ore":9,"minecraft:birch_log":5,"zombie_extreme:ore_ruby":1,"zombie_extreme:deepslate_steel":29,"minecraft:oak_log":40,"minecraft:grass":3,"minecraft:coal_ore":46,"minecraft:dripstone_block":16,"minecraft:sand":3,"minecraft:dirt":1,"minecraft:cobweb":12,"minecraft:stone_bricks":1,"minecraft:polished_andesite":1,"minecraft:gold_ore":2,"minecraft:oak_leaves":11,"minecraft:deepslate":59},"minecraft:used":{"zombie_extreme:butcher_knife":163,"zombie_extreme:cleaver":2,"minecraft:chest":2,"minecraft:shield":20,"minecraft:white_terracotta":3,"minecraft:brown_concrete":4,"minecraft:quartz_stairs":1,"zombie_extreme:vodka":1,"minecraft:torch":79,"minecraft:dirt":24,"minecraft:allium":18,"minecraft:granite":3,"hunting_delight:cookedhumanmeat":7,"minecraft:stone_bricks":1,"minecraft:furnace":10,"hunting_delight:pigcorpse":1,"zombie_extreme:combat_armor_chestplate":1,"minecraft:cobbled_deepslate":54,"zombie_extreme:empty_cans":1,"minecraft:pointed_dripstone":1,"minecraft:water_bucket":15,"minecraft:diorite":15,"minecraft:birch_planks":18,"minecraft:polished_andesite":1,"minecraft:glass_bottle":42,"minecraft:stone_pickaxe":63,"minecraft:oak_planks":11,"minecraft:wooden_pickaxe":9,"minecraft:cookie":2,"minecraft:crafting_table":8,"minecraft:white_bed":6,"minecraft:dripstone_block":30,"farmersdelight:bacon_and_eggs":1,"minecraft:bread":12,"minecraft:light_gray_concrete":1,"minecraft:iron_pickaxe":424,"zombie_extreme:baseball_bat":25,"minecraft:stone_axe":62,"minecraft:cobblestone":44,"minecraft:potion":40,"minecraft:cooked_porkchop":11,"minecraft:bucket":16,"minecraft:cobweb":9},"minecraft:picked_up":{"minecraft:crafting_table":3,"minecraft:iron_chestplate":3,"minecraft:allium":18,"zombie_extreme:raw_tin":58,"tac:sti2011":3,"minecraft:potion":9,"minecraft:brick":4,"minecraft:shield":5,"minecraft:cornflower":1,"minecraft:string":13,"minecraft:iron_leggings":3,"zombie_extreme:steel_pickaxe":2,"minecraft:cobbled_deepslate":100,"hunting_delight:pigcorpse":1,"minecraft:iron_pickaxe":5,"minecraft:quartz_stairs":1,"minecraft:sugar_cane":3,"minecraft:birch_sapling":1,"minecraft:iron_boots":5,"minecraft:furnace":7,"zombie_extreme:ruby":4,"zombie_extreme:raw_aluminum":13,"minecraft:stick":17,"minecraft:raw_iron":81,"hunting_delight:humanmeat":16,"hunting_delight:cookedhumanmeat":4,"minecraft:torch":190,"minecraft:bowl":2,"zombie_extreme:empty_cans":1,"minecraft:porkchop":3,"zombie_extreme:combat_armor_leggings":2,"minecraft:pointed_dripstone":33,"minecraft:diorite":15,"minecraft:redstone":59,"minecraft:rotten_flesh":21,"zombie_extreme:rotten_apple":8,"minecraft:white_terracotta":3,"zombie_extreme:butcher_knife":8,"undead_revamp2:arapholia":1,"minecraft:cobblestone":166,"minecraft:birch_log":5,"tac:round45":72,"minecraft:water_bucket":5,"minecraft:andesite":6,"minecraft:birch_planks":1,"minecraft:tuff":3,"minecraft:brown_concrete":4,"minecraft:oak_log":40,"minecraft:gunpowder":23,"minecraft:lapis_lazuli":11,"minecraft:dirt":61,"zombie_extreme:raw_steel":76,"zombie_extreme:raw_lead":19,"minecraft:bone":6,"minecraft:apple":3,"minecraft:stone_bricks":2,"minecraft:wheat_seeds":7,"minecraft:raw_gold":13,"minecraft:glass_bottle":2,"minecraft:oak_planks":96,"minecraft:book":36,"minecraft:cooked_porkchop":21,"minecraft:gravel":1,"zombie_extreme:combat_armor_chestplate":2,"minecraft:dripstone_block":44,"minecraft:sand":3,"minecraft:white_bed":5,"farmersdelight:bacon_and_eggs":1,"minecraft:light_gray_concrete":1,"minecraft:polished_andesite":1,"minecraft:stone_axe":4,"minecraft:iron_helmet":5,"minecraft:granite":12,"zombie_extreme:raw_thorium":17,"minecraft:oak_sapling":14,"minecraft:bricks":4,"minecraft:coal":80,"minecraft:ender_pearl":1},"minecraft:broken":{"minecraft:stone_axe":1,"minecraft:iron_pickaxe":1}},"DataVersion":2975}