{"stats":{"minecraft:mined":{"minecraft:dark_oak_planks":7,"minecraft:spruce_planks":13,"minecraft:quartz_stairs":6,"minecraft:granite":9,"minecraft:lever":1,"minecraft:dark_oak_fence":5,"minecraft:grass_block":46,"minecraft:light_gray_bed":6,"minecraft:coal_block":15,"minecraft:spruce_leaves":94,"minecraft:sandstone":3,"minecraft:large_fern":1,"minecraft:black_stained_glass_pane":1,"minecraft:oak_trapdoor":4,"minecraft:iron_ore":19,"minecraft:andesite":3,"minecraft:stripped_spruce_log":1,"minecraft:enchanting_table":1,"butcher:llama_corpse_creamy":3,"minecraft:bookshelf":6,"minecraft:vine":19,"minecraft:water_cauldron":1,"minecraft:oak_stairs":4,"minecraft:purple_carpet":1,"minecraft:spruce_wood":18,"minecraft:stone":585,"minecraft:iron_block":19,"minecraft:green_wool":2,"minecraft:podzol":9,"minecraft:quartz_block":2,"minecraft:red_bed":2,"minecraft:brown_carpet":4,"minecraft:crafting_table":4,"minecraft:torch":5,"minecraft:white_stained_glass_pane":2,"minecraft:stone_slab":1,"minecraft:tall_grass":2,"minecraft:cobblestone":13,"minecraft:diorite":18,"minecraft:cauldron":1,"minecraft:black_stained_glass":1,"minecraft:coarse_dirt":9,"minecraft:spruce_log":68,"minecraft:black_bed":2,"minecraft:stone_brick_stairs":3,"minecraft:grass":11,"minecraft:black_wool":4,"minecraft:coal_ore":20,"minecraft:gravel":29,"minecraft:dirt":80,"minecraft:cobweb":1,"minecraft:fern":4},"minecraft:killed_by":{"apollyon:the_damned":1},"minecraft:picked_up":{"minecraft:crafting_table":4,"minecraft:mud":1,"spore:mutated_heart":1,"minecraft:coarse_dirt":9,"minecraft:lead":1,"minecraft:oak_stairs":4,"minecraft:potion":30,"minecraft:stone_brick_stairs":3,"minecraft:brewing_stand":2,"minecraft:oak_trapdoor":4,"minecraft:string":1,"minecraft:red_bed":4,"minecraft:iron_axe":1,"minecraft:iron_leggings":1,"minecraft:oak_sign":2,"minecraft:spruce_planks":25,"minecraft:cobblestone_slab":24,"quark:black_shard":2,"minecraft:quartz_stairs":7,"minecraft:coal_block":15,"fight_or_die:ripping_flesh":3,"minecraft:stick":26,"spore:plated_muscle":1,"minecraft:torch":16,"minecraft:stone_button":1,"minecraft:diorite":35,"minecraft:cauldron":2,"minecraft:dark_oak_planks":7,"minecraft:brown_carpet":4,"minecraft:quartz_block":2,"minecraft:diamond_chestplate":1,"minecraft:light_gray_bed":6,"minecraft:rotten_flesh":11,"butchersdelightfoods:ham":1,"minecraft:iron_block":22,"realisticforging:raw_iron_ore":42,"minecraft:green_wool":2,"minecraft:mutton":1,"alexsmobs:flying_fish":4,"minecraft:cobblestone":606,"minecraft:enchanting_table":1,"minecraft:leather_chestplate":1,"minecraft:feather":1,"fight_or_die:springer_fragment":1,"minecraft:iron_door":1,"minecraft:andesite":3,"minecraft:black_bed":2,"minecraft:flint":3,"minecraft:dirt":121,"minecraft:leather_boots":1,"minecraft:purple_carpet":1,"minecraft:cooked_mutton":21,"minecraft:wheat_seeds":7,"minecraft:spruce_wood":17,"minecraft:iron_ingot":3,"spore:mutated_fiber":49,"minecraft:glass_bottle":2,"minecraft:book":24,"spore:cerebrum":2,"minecraft:gravel":40,"minecraft:stripped_spruce_log":1,"minecraft:spruce_sapling":26,"minecraft:spruce_log":84,"butcher:creamy_llama":4,"fight_or_die:sickened_heart":2,"minecraft:leather_helmet":1,"undead_revamp2:heavytooth":1,"undead_revamp2:rawbostrox":6,"tacz:modern_kinetic_gun":1,"minecraft:lever":1,"minecraft:granite":9,"minecraft:bread":1,"spore:spine_fragment":2,"minecraft:dark_oak_fence":4,"minecraft:black_wool":4,"minecraft:coal":17,"minecraft:ender_pearl":2},"minecraft:broken":{"minecraft:stone_pickaxe":5},"minecraft:killed":{"undead_revamp2:thewolf":1,"fight_or_die:springer":1,"undead_revamp2:thesmoker":1,"undead_revamp2:bomber":1,"zombie_extreme:revived":1,"fight_or_die:mutated_human":1,"undead_revamp2:thebidy":1,"minecraft:drowned":1,"undead_revamp2:thepregnant":1,"undead_revamp2:sucker":1,"alexsmobs:flying_fish":4,"minecraft:husk":2,"spore:inf_wanderer":1,"minecraft:zombie_villager":1,"spore:inf_pillager":3,"spore:inf_villager":4,"minecraft:zombie":5,"spore:inf_human":5,"spore:inf_witch":2,"spore:knight":1},"minecraft:used":{"minecraft:spruce_planks":22,"minecraft:shield":12,"minecraft:iron_sword":43,"minecraft:quartz_stairs":1,"minecraft:torch":84,"minecraft:dirt":27,"minecraft:dark_oak_planks":2,"minecraft:wooden_axe":17,"minecraft:spruce_wood":3,"minecraft:green_wool":2,"minecraft:cooked_beef":1,"minecraft:light_gray_bed":3,"minecraft:cooked_mutton":30,"minecraft:spruce_door":3,"minecraft:glass_bottle":35,"minecraft:stone_pickaxe":770,"minecraft:baked_potato":7,"butcher:butchers_knife":3,"minecraft:wooden_pickaxe":3,"minecraft:chainmail_helmet":1,"minecraft:cauldron":2,"minecraft:diamond_axe":113,"minecraft:golden_apple":1,"minecraft:crafting_table":4,"minecraft:red_bed":4,"minecraft:crossbow":41,"minecraft:campfire":1,"minecraft:black_bed":3,"minecraft:cake":1,"minecraft:spruce_log":15,"minecraft:firework_rocket":1,"minecraft:bread":9,"minecraft:stone_button":1,"minecraft:spruce_sapling":11,"minecraft:iron_door":1,"minecraft:gravel":2,"minecraft:stone_axe":1,"minecraft:cobblestone":54,"minecraft:potion":34,"minecraft:dark_oak_fence":2,"minecraft:air":1,"minecraft:coarse_dirt":1,"minecraft:purple_carpet":1,"butcher:creamy_llama":4},"minecraft:crafted":{"minecraft:coal":9,"butchersdelightfoods:cooked_ham":1,"undead_revamp2:bonedagger":1,"minecraft:stone_pickaxe":6,"minecraft:crafting_table":5,"minecraft:spruce_planks":108,"minecraft:wooden_pickaxe":1,"minecraft:spruce_door":6,"minecraft:campfire":1,"minecraft:stone_axe":1,"minecraft:stick":44,"spore:plated_muscle":1,"minecraft:iron_ingot":27,"minecraft:wooden_axe":1,"minecraft:black_bed":1,"butcher:butchers_knife":1,"minecraft:torch":68},"minecraft:custom":{"minecraft:mob_kills":38,"minecraft:interact_with_crafting_table":25,"minecraft:open_barrel":28,"minecraft:interact_with_campfire":27,"minecraft:damage_dealt_resisted":12,"minecraft:leave_game":9,"minecraft:time_since_death":157876,"minecraft:climb_one_cm":7882,"minecraft:sprint_one_cm":780327,"minecraft:walk_one_cm":628098,"minecraft:damage_blocked_by_shield":895,"minecraft:drop":93,"minecraft:talked_to_villager":3,"minecraft:play_time":406411,"minecraft:sneak_time":8901,"minecraft:deaths":7,"minecraft:walk_under_water_one_cm":17416,"minecraft:jump":2311,"minecraft:walk_on_water_one_cm":18650,"minecraft:total_world_time":406411,"minecraft:interact_with_furnace":8,"minecraft:interact_with_loom":1,"minecraft:pot_flower":1,"minecraft:sleep_in_bed":18,"minecraft:time_since_rest":24269,"minecraft:damage_taken":2860,"minecraft:trigger_trapped_chest":6,"minecraft:damage_dealt":2100,"minecraft:swim_one_cm":34265,"minecraft:fly_one_cm":440025,"minecraft:open_chest":117,"minecraft:crouch_one_cm":20026,"minecraft:use_cauldron":5,"minecraft:fall_one_cm":70876,"minecraft:inspect_dispenser":1},"minecraft:dropped":{"minecraft:wheat_seeds":6,"minecraft:diamond_axe":1,"minecraft:glass_bottle":1,"minecraft:crafting_table":3,"spore:plated_muscle":2,"minecraft:cobblestone":8,"minecraft:lead":1,"minecraft:spruce_door":3,"minecraft:leather_helmet":2,"minecraft:golden_apple":8,"minecraft:stick":11,"minecraft:flint":3,"minecraft:dirt":33,"minecraft:diorite":17,"minecraft:dark_oak_fence":2,"backpacked:backpack":1,"minecraft:wooden_axe":1,"minecraft:potion":5,"minecraft:chainmail_leggings":1,"minecraft:string":1,"minecraft:spruce_sapling":2,"quark:black_shard":2,"minecraft:gravel":4,"minecraft:oak_trapdoor":4,"minecraft:coarse_dirt":4,"minecraft:rotten_flesh":3,"minecraft:enchanted_golden_apple":1,"spore:mutated_fiber":32,"minecraft:totem_of_undying":1,"minecraft:leather_chestplate":2,"minecraft:cobblestone_slab":24,"minecraft:tipped_arrow":1,"minecraft:diamond_chestplate":2,"minecraft:spruce_planks":28,"minecraft:iron_chestplate":2,"minecraft:andesite":3,"minecraft:leather_boots":1,"minecraft:quartz_block":2,"minecraft:quartz_stairs":6,"fight_or_die:ripping_flesh":1,"minecraft:brown_carpet":4,"fight_or_die:sickened_heart":1,"minecraft:stone_pickaxe":1,"minecraft:wooden_pickaxe":1,"minecraft:stone_brick_stairs":1,"undead_revamp2:rawbostrox":3,"minecraft:black_wool":1,"minecraft:firework_rocket":1}},"DataVersion":3465}