{"stats":{"minecraft:killed":{"minecraft:pig":2,"zombie_extreme:infected_military":1,"undead_revamp2:the_moonflower":1,"undead_revamp2:bomber":1,"fatzombie:fat_zombie_red":2,"minecraft:cow":1},"minecraft:custom":{"minecraft:interact_with_furnace":3,"minecraft:mob_kills":8,"minecraft:interact_with_crafting_table":6,"minecraft:open_barrel":6,"minecraft:leave_game":2,"minecraft:time_since_death":5985,"minecraft:climb_one_cm":3095,"minecraft:time_since_rest":6027,"minecraft:sprint_one_cm":380722,"minecraft:damage_taken":687,"minecraft:walk_one_cm":157505,"minecraft:drop":19,"minecraft:damage_dealt":350,"minecraft:swim_one_cm":9061,"minecraft:fly_one_cm":173514,"minecraft:open_chest":23,"minecraft:crouch_one_cm":4059,"minecraft:play_time":65580,"minecraft:deaths":1,"minecraft:sneak_time":1823,"minecraft:walk_under_water_one_cm":6566,"minecraft:jump":1036,"minecraft:walk_on_water_one_cm":12870,"minecraft:total_world_time":65580,"minecraft:fall_one_cm":33337},"minecraft:crafted":{"minecraft:oak_planks":24,"minecraft:wooden_pickaxe":1,"hunting_delight:pebble":9,"minecraft:stone_axe":1,"minecraft:stick":8,"minecraft:stone_pickaxe":1,"minecraft:torch":4},"minecraft:dropped":{"minecraft:glass_bottle":1,"minecraft:feather":2,"minecraft:rotten_flesh":6,"minecraft:dirt":4,"hunting_delight:pebble":9,"minecraft:wooden_pickaxe":2,"minecraft:paper":1},"minecraft:mined":{"minecraft:glass_pane":8,"minecraft:granite":1,"minecraft:grass_block":8,"zombie_extreme:barbed_fence":2,"minecraft:glass":1,"minecraft:oak_planks":2,"minecraft:iron_ore":4,"zombie_extreme:wire":1,"minecraft:grass":1,"minecraft:oak_log":6,"minecraft:coal_ore":28,"minecraft:dirt":22,"minecraft:stone":33,"minecraft:oak_leaves":2},"minecraft:picked_up":{"zombie_extreme:frying_pan":1,"tac:round45":18,"minecraft:leather_chestplate":1,"minecraft:feather":4,"minecraft:wooden_pickaxe":1,"tac:sti2011":1,"minecraft:potion":1,"zombie_extreme:pill_anti_hunger":1,"zombie_extreme:baseball_bat":1,"minecraft:oak_log":6,"minecraft:gunpowder":7,"zombie_extreme:decomposing_backpack":2,"zombie_extreme:crowbar":1,"minecraft:dirt":29,"zombie_extreme:chips":2,"minecraft:leather_boots":1,"flashlight:flashlight":1,"minecraft:apple":4,"zombie_extreme:barbed_fence":4,"minecraft:beef":8,"minecraft:stone_pickaxe":1,"minecraft:glass_bottle":1,"minecraft:oak_planks":10,"minecraft:egg":6,"minecraft:stick":5,"minecraft:raw_iron":8,"minecraft:cooked_porkchop":2,"minecraft:porkchop":10,"minecraft:cookie":2,"zombie_extreme:radio_installation":1,"zombie_extreme:experimental_serum":1,"zombie_extreme:vodka":3,"zombie_extreme:green_apple":2,"minecraft:rotten_flesh":6,"minecraft:stone_axe":1,"minecraft:granite":1,"flashlight:smallredstonebattery":2,"zombie_extreme:canned_soup":1,"minecraft:oak_sapling":1,"zombie_extreme:butcher_knife":1,"minecraft:coal":55,"minecraft:bricks":32,"minecraft:cobblestone":56},"minecraft:used":{"zombie_extreme:canned_soup":1,"minecraft:glass_bottle":8,"minecraft:stone_pickaxe":55,"minecraft:oak_planks":11,"minecraft:chest":2,"minecraft:wooden_pickaxe":23,"zombie_extreme:chips":2,"minecraft:torch":4,"minecraft:dirt":9,"minecraft:granite":1,"minecraft:bread":10,"zombie_extreme:baseball_bat":4,"minecraft:stone_axe":11,"minecraft:cobblestone":3,"minecraft:potion":9,"zombie_extreme:green_apple":1,"minecraft:oak_sapling":1,"minecraft:cooked_porkchop":6}},"DataVersion":2975}