{"stats":{"minecraft:mined":{"minecraft:spruce_planks":10,"minecraft:quartz_stairs":6,"minecraft:lever":1,"minecraft:grass_block":46,"minecraft:light_gray_bed":6,"minecraft:coal_block":15,"minecraft:spruce_leaves":94,"minecraft:sandstone":3,"minecraft:large_fern":1,"minecraft:oak_trapdoor":4,"minecraft:iron_ore":15,"minecraft:andesite":3,"minecraft:stripped_spruce_log":1,"minecraft:enchanting_table":1,"butcher:llama_corpse_creamy":3,"minecraft:bookshelf":6,"minecraft:vine":19,"minecraft:water_cauldron":1,"minecraft:oak_stairs":4,"minecraft:purple_carpet":1,"minecraft:spruce_wood":18,"minecraft:stone":160,"minecraft:iron_block":19,"minecraft:green_wool":2,"minecraft:podzol":9,"minecraft:quartz_block":2,"minecraft:red_bed":2,"minecraft:brown_carpet":4,"minecraft:crafting_table":4,"minecraft:torch":2,"minecraft:white_stained_glass_pane":1,"minecraft:stone_slab":1,"minecraft:tall_grass":2,"minecraft:cobblestone":11,"minecraft:cauldron":1,"minecraft:black_stained_glass":1,"minecraft:coarse_dirt":9,"minecraft:spruce_log":67,"minecraft:black_bed":2,"minecraft:stone_brick_stairs":3,"minecraft:grass":11,"minecraft:black_wool":4,"minecraft:coal_ore":16,"minecraft:gravel":7,"minecraft:dirt":60,"minecraft:cobweb":1,"minecraft:fern":4},"minecraft:killed_by":{"apollyon:the_damned":1},"minecraft:picked_up":{"minecraft:crafting_table":4,"minecraft:mud":1,"spore:mutated_heart":1,"minecraft:coarse_dirt":9,"minecraft:lead":1,"minecraft:oak_stairs":4,"minecraft:potion":23,"minecraft:stone_brick_stairs":3,"minecraft:brewing_stand":2,"minecraft:oak_trapdoor":4,"minecraft:string":1,"minecraft:red_bed":4,"minecraft:iron_axe":1,"minecraft:iron_leggings":1,"minecraft:oak_sign":2,"minecraft:spruce_planks":22,"minecraft:cobblestone_slab":24,"quark:black_shard":2,"minecraft:quartz_stairs":7,"minecraft:coal_block":15,"fight_or_die:ripping_flesh":3,"minecraft:stick":26,"spore:plated_muscle":1,"minecraft:torch":12,"minecraft:stone_button":1,"minecraft:diorite":17,"minecraft:cauldron":2,"minecraft:brown_carpet":4,"minecraft:quartz_block":2,"minecraft:diamond_chestplate":1,"minecraft:light_gray_bed":6,"minecraft:rotten_flesh":11,"butchersdelightfoods:ham":1,"minecraft:iron_block":22,"realisticforging:raw_iron_ore":33,"minecraft:green_wool":2,"minecraft:mutton":1,"alexsmobs:flying_fish":4,"minecraft:cobblestone":179,"minecraft:enchanting_table":1,"minecraft:leather_chestplate":1,"minecraft:feather":1,"fight_or_die:springer_fragment":1,"minecraft:iron_door":1,"minecraft:andesite":3,"minecraft:black_bed":2,"minecraft:flint":1,"minecraft:dirt":101,"minecraft:leather_boots":1,"minecraft:purple_carpet":1,"minecraft:cooked_mutton":21,"minecraft:wheat_seeds":7,"minecraft:spruce_wood":17,"minecraft:iron_ingot":3,"spore:mutated_fiber":49,"minecraft:glass_bottle":2,"minecraft:book":24,"spore:cerebrum":2,"minecraft:gravel":6,"butcher:creamy_llama":4,"minecraft:stripped_spruce_log":1,"minecraft:spruce_sapling":26,"minecraft:spruce_log":83,"fight_or_die:sickened_heart":2,"minecraft:leather_helmet":1,"undead_revamp2:heavytooth":1,"undead_revamp2:rawbostrox":6,"tacz:modern_kinetic_gun":1,"minecraft:lever":1,"minecraft:bread":1,"spore:spine_fragment":2,"minecraft:black_wool":4,"minecraft:coal":13,"minecraft:ender_pearl":2},"minecraft:broken":{"minecraft:stone_pickaxe":2},"minecraft:killed":{"undead_revamp2:thewolf":1,"fight_or_die:springer":1,"undead_revamp2:thesmoker":1,"undead_revamp2:bomber":1,"zombie_extreme:revived":1,"fight_or_die:mutated_human":1,"undead_revamp2:thebidy":1,"undead_revamp2:thepregnant":1,"undead_revamp2:sucker":1,"alexsmobs:flying_fish":4,"minecraft:husk":2,"spore:inf_wanderer":1,"minecraft:zombie_villager":1,"spore:inf_pillager":3,"spore:inf_villager":4,"minecraft:zombie":4,"spore:inf_human":5,"spore:inf_witch":2},"minecraft:used":{"minecraft:spruce_planks":1,"minecraft:shield":11,"minecraft:iron_sword":41,"minecraft:quartz_stairs":1,"minecraft:torch":64,"minecraft:dirt":27,"minecraft:wooden_axe":17,"minecraft:spruce_wood":3,"minecraft:green_wool":2,"minecraft:cooked_beef":1,"minecraft:light_gray_bed":3,"minecraft:cooked_mutton":30,"minecraft:spruce_door":1,"minecraft:glass_bottle":32,"minecraft:stone_pickaxe":268,"butcher:butchers_knife":3,"minecraft:baked_potato":6,"minecraft:wooden_pickaxe":3,"minecraft:chainmail_helmet":1,"minecraft:cauldron":2,"minecraft:diamond_axe":101,"minecraft:golden_apple":1,"minecraft:crafting_table":4,"minecraft:red_bed":4,"minecraft:crossbow":41,"minecraft:campfire":1,"minecraft:black_bed":3,"minecraft:cake":1,"minecraft:spruce_log":1,"minecraft:firework_rocket":1,"minecraft:bread":9,"minecraft:stone_button":1,"minecraft:spruce_sapling":11,"minecraft:iron_door":1,"minecraft:gravel":2,"minecraft:stone_axe":1,"minecraft:cobblestone":39,"minecraft:potion":33,"minecraft:air":1,"minecraft:coarse_dirt":1,"minecraft:purple_carpet":1,"butcher:creamy_llama":4},"minecraft:crafted":{"minecraft:coal":9,"butchersdelightfoods:cooked_ham":1,"undead_revamp2:bonedagger":1,"minecraft:stone_pickaxe":6,"minecraft:crafting_table":5,"minecraft:spruce_planks":76,"minecraft:wooden_pickaxe":1,"minecraft:spruce_door":3,"minecraft:campfire":1,"minecraft:stone_axe":1,"minecraft:stick":44,"spore:plated_muscle":1,"minecraft:iron_ingot":27,"minecraft:wooden_axe":1,"minecraft:black_bed":1,"butcher:butchers_knife":1,"minecraft:torch":68},"minecraft:custom":{"minecraft:mob_kills":35,"minecraft:interact_with_crafting_table":24,"minecraft:open_barrel":28,"minecraft:interact_with_campfire":20,"minecraft:damage_dealt_resisted":12,"minecraft:leave_game":8,"minecraft:time_since_death":128671,"minecraft:climb_one_cm":7882,"minecraft:sprint_one_cm":756184,"minecraft:walk_one_cm":581398,"minecraft:damage_blocked_by_shield":825,"minecraft:drop":87,"minecraft:talked_to_villager":3,"minecraft:play_time":377206,"minecraft:sneak_time":8801,"minecraft:deaths":7,"minecraft:walk_under_water_one_cm":13722,"minecraft:jump":2251,"minecraft:walk_on_water_one_cm":15469,"minecraft:total_world_time":377206,"minecraft:interact_with_furnace":8,"minecraft:interact_with_loom":1,"minecraft:pot_flower":1,"minecraft:sleep_in_bed":17,"minecraft:time_since_rest":182,"minecraft:damage_taken":2725,"minecraft:trigger_trapped_chest":6,"minecraft:damage_dealt":2039,"minecraft:swim_one_cm":32920,"minecraft:fly_one_cm":430983,"minecraft:open_chest":106,"minecraft:crouch_one_cm":19876,"minecraft:use_cauldron":5,"minecraft:fall_one_cm":69902,"minecraft:inspect_dispenser":1},"minecraft:dropped":{"minecraft:wheat_seeds":6,"minecraft:diamond_axe":1,"minecraft:glass_bottle":1,"minecraft:crafting_table":3,"spore:plated_muscle":2,"minecraft:cobblestone":8,"minecraft:lead":1,"minecraft:spruce_door":2,"minecraft:leather_helmet":2,"minecraft:golden_apple":8,"minecraft:stick":11,"minecraft:flint":1,"minecraft:dirt":33,"minecraft:diorite":17,"backpacked:backpack":1,"minecraft:wooden_axe":1,"minecraft:potion":5,"minecraft:chainmail_leggings":1,"minecraft:string":1,"minecraft:spruce_sapling":2,"quark:black_shard":2,"minecraft:gravel":4,"minecraft:oak_trapdoor":4,"minecraft:coarse_dirt":4,"minecraft:rotten_flesh":3,"minecraft:enchanted_golden_apple":1,"spore:mutated_fiber":32,"minecraft:totem_of_undying":1,"minecraft:leather_chestplate":2,"minecraft:cobblestone_slab":24,"minecraft:tipped_arrow":1,"minecraft:diamond_chestplate":2,"minecraft:spruce_planks":28,"minecraft:iron_chestplate":2,"minecraft:andesite":3,"minecraft:leather_boots":1,"minecraft:quartz_block":2,"minecraft:quartz_stairs":6,"fight_or_die:ripping_flesh":1,"minecraft:brown_carpet":4,"fight_or_die:sickened_heart":1,"minecraft:wooden_pickaxe":1,"minecraft:stone_brick_stairs":1,"undead_revamp2:rawbostrox":3,"minecraft:black_wool":1,"minecraft:firework_rocket":1}},"DataVersion":3465}