{"stats":{"minecraft:broken":{"minecraft:stone_pickaxe":7,"minecraft:leather_boots":1},"minecraft:crafted":{"minecraft:oak_planks":4,"butchersdelightfoods:cooked_ham":1,"zombie_extreme:ignotlead":9,"minecraft:crafting_table":5,"minecraft:spruce_planks":140,"minecraft:wooden_pickaxe":1,"minecraft:spruce_door":6,"minecraft:campfire":1,"quark:torch_arrow":4,"minecraft:stick":84,"minecraft:iron_ingot":27,"spore:plated_muscle":1,"minecraft:black_bed":1,"butcher:butchers_knife":1,"minecraft:coal":54,"undead_revamp2:bonedagger":1,"minecraft:stone_pickaxe":15,"spore:gas_mask":1,"quark:spruce_chest":12,"minecraft:stone_axe":1,"minecraft:air":0,"minecraft:potion":22,"minecraft:wooden_axe":1,"minecraft:torch":228},"minecraft:dropped":{"spore:spine_fragment":6,"minecraft:diamond_axe":1,"minecraft:glass_bottle":1,"minecraft:crafting_table":3,"minecraft:sandstone_slab":2,"minecraft:leather_helmet":2,"minecraft:flint":4,"butcher:sponge":1,"minecraft:dirt":35,"minecraft:dark_oak_fence":2,"backpacked:backpack":1,"minecraft:bone":6,"quark:black_shard":2,"minecraft:gravel":5,"minecraft:birch_sapling":2,"minecraft:rotten_flesh":50,"minecraft:enchanted_golden_apple":1,"butcher:creamy_llama_head":1,"minecraft:leather_chestplate":2,"alexsmobs:elastic_tendon":1,"minecraft:tipped_arrow":1,"minecraft:quartz_block":2,"minecraft:leather_boots":1,"fight_or_die:ripping_flesh":8,"minecraft:iron_bars":1,"minecraft:stone_brick_stairs":1,"undead_revamp2:rawbostrox":3,"minecraft:firework_rocket":1,"butcher:wet_sponge":1,"minecraft:wheat_seeds":12,"spore:plated_muscle":2,"minecraft:cobblestone":10,"minecraft:lead":1,"minecraft:spruce_door":3,"minecraft:golden_apple":8,"minecraft:stick":11,"fight_or_die:springer_fragment":1,"quark:clear_shard":3,"minecraft:diorite":17,"minecraft:torch":65,"minecraft:wooden_axe":1,"minecraft:potion":10,"minecraft:wither_rose":1,"minecraft:chainmail_leggings":1,"minecraft:string":1,"minecraft:spruce_sapling":3,"minecraft:redstone":1,"minecraft:oak_trapdoor":4,"minecraft:coarse_dirt":4,"spore:cerebrum":1,"spore:mutated_fiber":52,"minecraft:totem_of_undying":1,"minecraft:cobblestone_slab":24,"minecraft:shield":1,"alexsmobs:cockroach_wing_fragment":1,"minecraft:diamond_chestplate":2,"minecraft:spruce_planks":28,"minecraft:iron_chestplate":2,"minecraft:andesite":3,"minecraft:quartz_stairs":6,"minecraft:brown_carpet":4,"fight_or_die:sickened_heart":1,"minecraft:wooden_pickaxe":1,"minecraft:stone_pickaxe":2,"minecraft:black_wool":13},"minecraft:used":{"minecraft:shield":34,"minecraft:iron_sword":231,"minecraft:quartz_stairs":6,"spore:gas_mask":2,"minecraft:tuff":3,"butcher:emptyskinrack":1,"minecraft:quartz_slab":1,"minecraft:spruce_wood":3,"minecraft:green_wool":2,"minecraft:spruce_door":3,"minecraft:stone_pickaxe":1091,"minecraft:oak_planks":4,"minecraft:wooden_pickaxe":3,"minecraft:chainmail_helmet":2,"minecraft:diamond_axe":113,"minecraft:white_wool":5,"minecraft:golden_apple":3,"minecraft:glow_berries":2,"minecraft:crossbow":86,"minecraft:black_bed":3,"butcher:drained_creamy_llama":2,"minecraft:firework_rocket":1,"minecraft:bread":18,"minecraft:stone_button":1,"minecraft:iron_door":1,"minecraft:gravel":4,"butchersdelightfoods:cooked_ham":1,"minecraft:dark_oak_fence":2,"minecraft:andesite":23,"minecraft:air":2,"minecraft:coarse_dirt":3,"butcher:creamy_llama":5,"minecraft:redstone":1,"minecraft:spruce_planks":31,"minecraft:cooked_salmon":41,"minecraft:torch":171,"minecraft:dirt":69,"minecraft:spruce_fence":1,"minecraft:dark_oak_planks":6,"minecraft:wooden_axe":17,"quark:spruce_chest":12,"butcher:bloodgrate":1,"minecraft:stone_pressure_plate":2,"minecraft:cooked_beef":2,"minecraft:cobbled_deepslate":23,"minecraft:light_gray_bed":11,"minecraft:cooked_mutton":30,"minecraft:glass_bottle":90,"minecraft:baked_potato":7,"butcher:butchers_knife":6,"minecraft:cauldron":2,"minecraft:crafting_table":4,"minecraft:red_bed":4,"minecraft:campfire":1,"minecraft:cake":1,"minecraft:spruce_log":23,"minecraft:diamond_pickaxe":75,"butcher:brown_llama":1,"minecraft:spruce_sapling":11,"minecraft:yellow_wool":2,"minecraft:stone_axe":1,"minecraft:cobblestone":84,"minecraft:potion":95,"minecraft:purple_carpet":1},"minecraft:mined":{"minecraft:dark_oak_planks":7,"minecraft:stone_pressure_plate":2,"minecraft:spruce_planks":13,"minecraft:granite":9,"minecraft:grass_block":47,"zombie_extreme:deepslate_lead":2,"zombie_extreme:deepslate_thorium":4,"minecraft:light_gray_bed":14,"minecraft:coal_block":15,"minecraft:spawner":5,"fight_or_die:blood_splash1":2,"minecraft:iron_ore":21,"minecraft:cobbled_deepslate":4,"minecraft:deepslate_lapis_ore":8,"minecraft:enchanting_table":1,"butcher:llama_corpse_creamy":4,"minecraft:water_cauldron":1,"zombie_extreme:deepslate_tin":5,"minecraft:iron_bars":1,"minecraft:oak_stairs":4,"minecraft:quartz_slab":1,"minecraft:purple_carpet":1,"minecraft:spruce_wood":18,"minecraft:iron_block":19,"minecraft:deepslate_redstone_ore":8,"minecraft:sandstone_slab":1,"minecraft:quartz_block":2,"minecraft:red_bed":2,"minecraft:torch":5,"minecraft:white_stained_glass_pane":4,"minecraft:glass":1,"minecraft:cobblestone":35,"minecraft:wall_torch":2,"minecraft:cauldron":1,"minecraft:deepslate_copper_ore":2,"minecraft:black_bed":2,"minecraft:stone_brick_stairs":3,"zombie_extreme:deepslate_steel":9,"minecraft:grass":15,"minecraft:oak_log":1,"minecraft:dirt":90,"minecraft:deepslate":219,"minecraft:tuff":5,"minecraft:quartz_stairs":11,"minecraft:lever":1,"minecraft:dark_oak_fence":5,"minecraft:spruce_fence":1,"minecraft:redstone_wire":2,"minecraft:spruce_leaves":96,"minecraft:sandstone":3,"minecraft:large_fern":2,"minecraft:black_stained_glass_pane":5,"minecraft:oak_trapdoor":4,"minecraft:andesite":21,"minecraft:stripped_spruce_log":1,"minecraft:bookshelf":6,"minecraft:vine":21,"minecraft:stone":625,"zombie_extreme:deepslate_aluminum":5,"minecraft:white_wool":3,"minecraft:green_wool":2,"minecraft:podzol":10,"minecraft:brown_carpet":4,"minecraft:crafting_table":4,"minecraft:stone_slab":1,"minecraft:tall_grass":4,"minecraft:diorite":18,"minecraft:black_stained_glass":1,"minecraft:gray_wool":1,"minecraft:coarse_dirt":11,"minecraft:spruce_log":68,"minecraft:birch_leaves":20,"fight_or_die:blood_splash2":2,"minecraft:black_wool":21,"minecraft:coal_ore":23,"quark:monster_box":1,"minecraft:gravel":36,"minecraft:cobweb":5,"minecraft:fern":4},"minecraft:killed_by":{"spore:inf_human":1,"spore:inf_player":1,"minecraft:zombie":1,"apollyon:the_damned":1},"minecraft:picked_up":{"spore:mutated_heart":3,"minecraft:iron_chestplate":1,"minecraft:yellow_wool":2,"minecraft:lead":1,"minecraft:oak_stairs":4,"minecraft:wither_rose":1,"minecraft:potion":55,"minecraft:stone_brick_stairs":3,"minecraft:brewing_stand":2,"minecraft:string":8,"minecraft:iron_leggings":1,"minecraft:oak_sign":2,"minecraft:cobbled_deepslate":256,"minecraft:spruce_planks":25,"minecraft:cobblestone_slab":24,"quark:black_shard":2,"minecraft:coal_block":15,"zombie_extreme:raw_aluminum":3,"minecraft:stick":26,"spore:plated_muscle":1,"minecraft:torch":20,"minecraft:diorite":35,"minecraft:cauldron":2,"minecraft:brown_carpet":4,"minecraft:quartz_block":2,"minecraft:light_gray_bed":14,"quark:clear_shard":3,"minecraft:rotten_flesh":62,"butchersdelightfoods:ham":1,"minecraft:iron_block":22,"realisticforging:raw_iron_ore":48,"minecraft:green_wool":2,"minecraft:iron_bars":1,"alexsmobs:flying_fish":4,"minecraft:cobblestone":651,"minecraft:enchanting_table":1,"minecraft:leather_chestplate":1,"minecraft:feather":1,"fight_or_die:springer_fragment":2,"minecraft:iron_door":1,"minecraft:andesite":31,"minecraft:black_bed":2,"minecraft:flint":5,"minecraft:tuff":5,"butchersdelightfoods:llama_leg":1,"minecraft:lapis_lazuli":52,"minecraft:dirt":176,"minecraft:leather_boots":1,"minecraft:purple_carpet":1,"minecraft:bone":6,"minecraft:wheat_seeds":13,"butcher:brown_llama_skin":1,"spore:cerebrum":4,"minecraft:stripped_spruce_log":1,"butcher:creamy_llama":5,"undead_revamp2:heavytooth":1,"minecraft:diamond":6,"minecraft:lever":1,"minecraft:granite":9,"zombie_extreme:raw_thorium":4,"minecraft:bread":1,"spore:spine_fragment":8,"minecraft:dark_oak_fence":4,"butcher:rawllamameat":1,"minecraft:mud":1,"minecraft:coarse_dirt":11,"minecraft:crafting_table":4,"minecraft:sandstone_slab":2,"zombie_extreme:raw_tin":5,"minecraft:red_bed":4,"minecraft:oak_trapdoor":4,"minecraft:iron_axe":1,"minecraft:quartz_slab":2,"butcher:sponge":1,"alexsmobs:elastic_tendon":3,"minecraft:quartz_stairs":12,"minecraft:birch_sapling":2,"fight_or_die:ripping_flesh":12,"fight_or_die:rotten_brain":2,"butcher:bloodgrate":1,"minecraft:copper_ingot":3,"minecraft:spruce_fence":1,"minecraft:stone_button":1,"minecraft:carrot":1,"minecraft:redstone":35,"minecraft:stone_pressure_plate":2,"minecraft:dark_oak_planks":7,"minecraft:diamond_chestplate":1,"minecraft:glow_berries":1,"minecraft:mutton":1,"minecraft:white_wool":5,"butcher:skinning_knife":1,"butcher:brown_llama":1,"minecraft:oak_log":1,"minecraft:gunpowder":3,"realisticforging:copperore":7,"zombie_extreme:raw_steel":9,"zombie_extreme:raw_lead":2,"alexsmobs:unsettling_kimono":1,"minecraft:cooked_mutton":21,"alexsmobs:cockroach_wing_fragment":1,"minecraft:spruce_wood":17,"minecraft:iron_ingot":3,"minecraft:stone_pickaxe":1,"spore:mutated_fiber":100,"minecraft:glass_bottle":2,"minecraft:book":24,"butcher:creamy_llama_head":1,"minecraft:stone_brick_slab":1,"minecraft:gravel":44,"minecraft:spruce_sapling":27,"minecraft:spruce_log":84,"butcher:wet_sponge":1,"fight_or_die:sickened_heart":3,"minecraft:leather_helmet":1,"undead_revamp2:rawbostrox":6,"tacz:modern_kinetic_gun":2,"butcher:creamyllamaskin":1,"minecraft:black_wool":21,"minecraft:coal":20,"butcher:emptyskinrack":1,"minecraft:ender_pearl":2},"minecraft:killed":{"undead_revamp2:thewolf":1,"fight_or_die:springer":6,"zombie_extreme:infected_juggernaut":1,"undead_revamp2:thesmoker":3,"zombie_extreme:clicker":1,"zombie_extreme:goon":1,"fight_or_die:mutated_fox":1,"undead_revamp2:thepregnant":1,"spore:inf_player":1,"spore:inf_wanderer":2,"minecraft:zombie_villager":1,"zombie_extreme:chainsaw":1,"fight_or_die:mutated_villager":2,"spore:inf_villager":5,"spore:inf_human":9,"minecraft:zombie":13,"spore:knight":1,"undead_revamp2:thegliter":2,"zombie_extreme:faceless":1,"undead_revamp2:bomber":1,"zombie_extreme:revived":1,"fight_or_die:mutated_human":2,"fight_or_die:mutated_sheep":1,"undead_revamp2:thebidy":2,"minecraft:drowned":1,"undead_revamp2:sucker":1,"alexsmobs:flying_fish":4,"zombie_extreme:crawler":1,"minecraft:husk":22,"zombie_extreme:boomer":1,"undead_revamp2:the_moonflower":1,"spore:inf_pillager":4,"undead_revamp2:thesomnolence":1,"spore:inf_witch":2,"spore:inf_husk":4},"minecraft:custom":{"minecraft:interact_with_crafting_table":33,"minecraft:open_barrel":38,"minecraft:leave_game":14,"minecraft:time_since_death":99338,"minecraft:sprint_one_cm":1343272,"minecraft:damage_blocked_by_shield":2790,"minecraft:drop":171,"minecraft:talked_to_villager":3,"minecraft:play_time":741657,"minecraft:deaths":10,"minecraft:jump":4378,"minecraft:walk_on_water_one_cm":40586,"minecraft:interact_with_furnace":23,"minecraft:interact_with_loom":1,"minecraft:sleep_in_bed":28,"minecraft:damage_dealt":11694,"minecraft:crouch_one_cm":99679,"minecraft:use_cauldron":8,"minecraft:inspect_dispenser":2,"minecraft:mob_kills":103,"minecraft:interact_with_campfire":49,"minecraft:damage_dealt_resisted":18,"minecraft:climb_one_cm":25563,"minecraft:walk_one_cm":1171091,"minecraft:sneak_time":42593,"minecraft:walk_under_water_one_cm":22899,"minecraft:boat_one_cm":69943,"minecraft:total_world_time":741657,"minecraft:pot_flower":1,"minecraft:time_since_rest":15066,"minecraft:damage_taken":6240,"minecraft:trigger_trapped_chest":8,"minecraft:swim_one_cm":70055,"minecraft:fly_one_cm":791016,"minecraft:open_chest":221,"minecraft:fall_one_cm":139576}},"DataVersion":3465}