{"stats":{"minecraft:crafted":{"minecraft:oak_planks":4,"butchersdelightfoods:cooked_ham":1,"zombie_extreme:ignotlead":9,"minecraft:crafting_table":5,"minecraft:spruce_planks":140,"minecraft:wooden_pickaxe":1,"minecraft:spruce_door":6,"minecraft:campfire":1,"minecraft:stick":84,"minecraft:iron_ingot":27,"spore:plated_muscle":1,"minecraft:black_bed":1,"butcher:butchers_knife":1,"minecraft:coal":54,"undead_revamp2:bonedagger":1,"minecraft:stone_pickaxe":15,"quark:spruce_chest":12,"minecraft:stone_axe":1,"minecraft:air":0,"minecraft:potion":7,"minecraft:wooden_axe":1,"minecraft:torch":228},"minecraft:dropped":{"minecraft:diamond_axe":1,"minecraft:glass_bottle":1,"minecraft:crafting_table":3,"minecraft:sandstone_slab":2,"minecraft:leather_helmet":2,"minecraft:flint":3,"butcher:sponge":1,"minecraft:dirt":35,"minecraft:dark_oak_fence":2,"backpacked:backpack":1,"minecraft:bone":6,"quark:black_shard":2,"minecraft:gravel":5,"minecraft:birch_sapling":1,"minecraft:rotten_flesh":45,"minecraft:enchanted_golden_apple":1,"butcher:creamy_llama_head":1,"minecraft:leather_chestplate":2,"minecraft:tipped_arrow":1,"minecraft:quartz_block":2,"minecraft:leather_boots":1,"fight_or_die:ripping_flesh":3,"minecraft:stone_brick_stairs":1,"undead_revamp2:rawbostrox":3,"minecraft:firework_rocket":1,"butcher:wet_sponge":1,"minecraft:wheat_seeds":7,"spore:plated_muscle":2,"minecraft:cobblestone":10,"minecraft:lead":1,"minecraft:spruce_door":3,"minecraft:golden_apple":8,"minecraft:stick":11,"quark:clear_shard":3,"minecraft:diorite":17,"minecraft:torch":64,"minecraft:wooden_axe":1,"minecraft:potion":10,"minecraft:chainmail_leggings":1,"minecraft:string":1,"minecraft:spruce_sapling":2,"minecraft:redstone":1,"minecraft:oak_trapdoor":4,"minecraft:coarse_dirt":4,"spore:cerebrum":1,"spore:mutated_fiber":39,"minecraft:totem_of_undying":1,"minecraft:cobblestone_slab":24,"minecraft:diamond_chestplate":2,"minecraft:spruce_planks":28,"minecraft:iron_chestplate":2,"minecraft:andesite":3,"minecraft:quartz_stairs":6,"minecraft:brown_carpet":4,"fight_or_die:sickened_heart":1,"minecraft:stone_pickaxe":2,"minecraft:wooden_pickaxe":1,"minecraft:black_wool":1},"minecraft:custom":{"minecraft:interact_with_crafting_table":29,"minecraft:open_barrel":34,"minecraft:leave_game":12,"minecraft:time_since_death":114774,"minecraft:sprint_one_cm":1143404,"minecraft:damage_blocked_by_shield":1845,"minecraft:drop":136,"minecraft:talked_to_villager":3,"minecraft:play_time":623421,"minecraft:deaths":8,"minecraft:jump":3500,"minecraft:walk_on_water_one_cm":38240,"minecraft:interact_with_furnace":16,"minecraft:interact_with_loom":1,"minecraft:sleep_in_bed":26,"minecraft:damage_dealt":8893,"minecraft:crouch_one_cm":65083,"minecraft:use_cauldron":8,"minecraft:inspect_dispenser":2,"minecraft:mob_kills":87,"minecraft:interact_with_campfire":49,"minecraft:damage_dealt_resisted":18,"minecraft:climb_one_cm":18571,"minecraft:walk_one_cm":908818,"minecraft:sneak_time":31116,"minecraft:walk_under_water_one_cm":22740,"minecraft:boat_one_cm":69943,"minecraft:total_world_time":623421,"minecraft:pot_flower":1,"minecraft:time_since_rest":2141,"minecraft:damage_taken":4765,"minecraft:trigger_trapped_chest":7,"minecraft:swim_one_cm":65730,"minecraft:fly_one_cm":669092,"minecraft:open_chest":159,"minecraft:fall_one_cm":103426},"minecraft:mined":{"minecraft:dark_oak_planks":7,"minecraft:spruce_planks":13,"minecraft:stone_pressure_plate":2,"minecraft:granite":9,"minecraft:grass_block":47,"zombie_extreme:deepslate_lead":1,"minecraft:light_gray_bed":11,"minecraft:coal_block":15,"minecraft:spawner":5,"minecraft:iron_ore":21,"minecraft:cobbled_deepslate":4,"minecraft:deepslate_lapis_ore":8,"minecraft:enchanting_table":1,"butcher:llama_corpse_creamy":4,"minecraft:water_cauldron":1,"minecraft:oak_stairs":4,"minecraft:quartz_slab":1,"minecraft:purple_carpet":1,"minecraft:spruce_wood":18,"minecraft:iron_block":19,"minecraft:sandstone_slab":1,"minecraft:quartz_block":2,"minecraft:red_bed":2,"minecraft:torch":5,"minecraft:white_stained_glass_pane":2,"minecraft:glass":1,"minecraft:cobblestone":21,"minecraft:wall_torch":2,"minecraft:cauldron":1,"minecraft:deepslate_copper_ore":2,"minecraft:black_bed":2,"minecraft:stone_brick_stairs":3,"minecraft:grass":12,"minecraft:oak_log":1,"minecraft:dirt":89,"minecraft:deepslate":208,"minecraft:tuff":2,"minecraft:quartz_stairs":11,"minecraft:lever":1,"minecraft:dark_oak_fence":5,"minecraft:spruce_fence":1,"minecraft:redstone_wire":2,"minecraft:spruce_leaves":95,"minecraft:sandstone":3,"minecraft:large_fern":1,"minecraft:black_stained_glass_pane":2,"minecraft:oak_trapdoor":4,"minecraft:andesite":21,"minecraft:stripped_spruce_log":1,"minecraft:bookshelf":6,"minecraft:vine":19,"minecraft:stone":625,"minecraft:white_wool":3,"minecraft:green_wool":2,"minecraft:podzol":10,"minecraft:brown_carpet":4,"minecraft:crafting_table":4,"minecraft:stone_slab":1,"minecraft:tall_grass":2,"minecraft:diorite":18,"minecraft:gray_wool":1,"minecraft:black_stained_glass":1,"minecraft:coarse_dirt":9,"minecraft:spruce_log":68,"minecraft:birch_leaves":6,"minecraft:black_wool":21,"minecraft:coal_ore":23,"minecraft:gravel":36,"minecraft:cobweb":5,"minecraft:fern":4},"minecraft:broken":{"minecraft:stone_pickaxe":6,"minecraft:leather_boots":1},"minecraft:killed_by":{"minecraft:zombie":1,"apollyon:the_damned":1},"minecraft:used":{"minecraft:shield":26,"minecraft:iron_sword":179,"minecraft:quartz_stairs":6,"butcher:emptyskinrack":1,"minecraft:quartz_slab":1,"minecraft:spruce_wood":3,"minecraft:green_wool":2,"minecraft:spruce_door":3,"minecraft:stone_pickaxe":1082,"minecraft:oak_planks":4,"minecraft:wooden_pickaxe":3,"minecraft:chainmail_helmet":1,"minecraft:diamond_axe":113,"minecraft:white_wool":5,"minecraft:golden_apple":2,"minecraft:glow_berries":2,"minecraft:crossbow":84,"minecraft:black_bed":3,"butcher:drained_creamy_llama":2,"minecraft:firework_rocket":1,"minecraft:bread":18,"minecraft:stone_button":1,"minecraft:iron_door":1,"minecraft:gravel":2,"butchersdelightfoods:cooked_ham":1,"minecraft:dark_oak_fence":2,"minecraft:andesite":23,"minecraft:air":2,"minecraft:coarse_dirt":1,"butcher:creamy_llama":5,"minecraft:redstone":1,"minecraft:spruce_planks":31,"minecraft:cooked_salmon":25,"minecraft:torch":124,"minecraft:dirt":60,"minecraft:spruce_fence":1,"minecraft:dark_oak_planks":2,"minecraft:wooden_axe":17,"quark:spruce_chest":12,"butcher:bloodgrate":1,"minecraft:stone_pressure_plate":2,"minecraft:cooked_beef":1,"minecraft:cobbled_deepslate":13,"minecraft:light_gray_bed":8,"minecraft:cooked_mutton":30,"minecraft:glass_bottle":69,"minecraft:baked_potato":7,"butcher:butchers_knife":6,"minecraft:cauldron":2,"minecraft:crafting_table":4,"minecraft:red_bed":4,"minecraft:campfire":1,"minecraft:cake":1,"minecraft:spruce_log":23,"minecraft:diamond_pickaxe":7,"butcher:brown_llama":1,"minecraft:spruce_sapling":11,"minecraft:yellow_wool":2,"minecraft:stone_axe":1,"minecraft:cobblestone":79,"minecraft:potion":74,"minecraft:purple_carpet":1},"minecraft:picked_up":{"minecraft:iron_chestplate":1,"spore:mutated_heart":3,"minecraft:yellow_wool":2,"minecraft:lead":1,"minecraft:oak_stairs":4,"minecraft:potion":55,"minecraft:stone_brick_stairs":3,"minecraft:brewing_stand":2,"minecraft:string":6,"minecraft:iron_leggings":1,"minecraft:oak_sign":2,"minecraft:cobbled_deepslate":240,"minecraft:spruce_planks":25,"minecraft:cobblestone_slab":24,"quark:black_shard":2,"minecraft:coal_block":15,"minecraft:stick":26,"spore:plated_muscle":1,"minecraft:torch":17,"minecraft:diorite":35,"minecraft:cauldron":2,"minecraft:brown_carpet":4,"minecraft:quartz_block":2,"minecraft:light_gray_bed":11,"quark:clear_shard":3,"minecraft:rotten_flesh":57,"butchersdelightfoods:ham":1,"minecraft:iron_block":22,"realisticforging:raw_iron_ore":48,"minecraft:green_wool":2,"alexsmobs:flying_fish":4,"minecraft:cobblestone":639,"minecraft:enchanting_table":1,"minecraft:leather_chestplate":1,"minecraft:feather":1,"fight_or_die:springer_fragment":1,"minecraft:iron_door":1,"minecraft:andesite":31,"minecraft:black_bed":2,"minecraft:flint":4,"minecraft:tuff":2,"butchersdelightfoods:llama_leg":1,"minecraft:lapis_lazuli":52,"minecraft:dirt":166,"minecraft:leather_boots":1,"minecraft:purple_carpet":1,"minecraft:bone":6,"minecraft:wheat_seeds":8,"butcher:brown_llama_skin":1,"spore:cerebrum":4,"minecraft:stripped_spruce_log":1,"butcher:creamy_llama":5,"undead_revamp2:heavytooth":1,"minecraft:lever":1,"minecraft:granite":9,"minecraft:bread":1,"spore:spine_fragment":2,"minecraft:dark_oak_fence":4,"butcher:rawllamameat":1,"minecraft:mud":1,"minecraft:coarse_dirt":9,"minecraft:crafting_table":4,"minecraft:sandstone_slab":2,"minecraft:red_bed":4,"minecraft:oak_trapdoor":4,"minecraft:iron_axe":1,"minecraft:quartz_slab":2,"butcher:sponge":1,"minecraft:quartz_stairs":12,"minecraft:birch_sapling":1,"fight_or_die:ripping_flesh":7,"fight_or_die:rotten_brain":1,"butcher:bloodgrate":1,"minecraft:spruce_fence":1,"minecraft:stone_button":1,"minecraft:carrot":1,"minecraft:redstone":2,"minecraft:stone_pressure_plate":2,"minecraft:dark_oak_planks":7,"minecraft:diamond_chestplate":1,"minecraft:mutton":1,"minecraft:glow_berries":1,"minecraft:white_wool":5,"butcher:skinning_knife":1,"minecraft:oak_log":1,"butcher:brown_llama":1,"minecraft:gunpowder":2,"realisticforging:copperore":2,"zombie_extreme:raw_lead":1,"minecraft:cooked_mutton":21,"minecraft:spruce_wood":17,"minecraft:iron_ingot":3,"spore:mutated_fiber":64,"minecraft:glass_bottle":2,"minecraft:book":24,"butcher:creamy_llama_head":1,"minecraft:stone_brick_slab":1,"minecraft:gravel":42,"minecraft:spruce_sapling":26,"minecraft:spruce_log":84,"butcher:wet_sponge":1,"fight_or_die:sickened_heart":2,"minecraft:leather_helmet":1,"undead_revamp2:rawbostrox":6,"tacz:modern_kinetic_gun":2,"butcher:creamyllamaskin":1,"minecraft:black_wool":21,"minecraft:coal":20,"butcher:emptyskinrack":1,"minecraft:ender_pearl":2},"minecraft:killed":{"undead_revamp2:thewolf":1,"fight_or_die:springer":1,"zombie_extreme:infected_juggernaut":1,"undead_revamp2:thesmoker":3,"zombie_extreme:goon":1,"fight_or_die:mutated_fox":1,"undead_revamp2:thepregnant":1,"spore:inf_wanderer":2,"minecraft:zombie_villager":1,"fight_or_die:mutated_villager":2,"spore:inf_villager":5,"spore:inf_human":6,"minecraft:zombie":10,"spore:knight":1,"undead_revamp2:thegliter":2,"zombie_extreme:faceless":1,"undead_revamp2:bomber":1,"zombie_extreme:revived":1,"fight_or_die:mutated_human":2,"fight_or_die:mutated_sheep":1,"undead_revamp2:thebidy":2,"minecraft:drowned":1,"undead_revamp2:sucker":1,"alexsmobs:flying_fish":4,"zombie_extreme:crawler":1,"minecraft:husk":22,"zombie_extreme:boomer":1,"spore:inf_pillager":4,"spore:inf_witch":2,"spore:inf_husk":4}},"DataVersion":3465}