{"stats":{"minecraft:dropped":{"minecraft:wheat_seeds":4,"minecraft:oak_trapdoor":4,"minecraft:diamond_axe":1,"minecraft:glass_bottle":1,"minecraft:crafting_table":3,"spore:plated_muscle":2,"minecraft:cobblestone":8,"minecraft:enchanted_golden_apple":1,"spore:mutated_fiber":11,"minecraft:spruce_door":2,"minecraft:totem_of_undying":1,"minecraft:golden_apple":8,"minecraft:stick":4,"minecraft:dirt":5,"minecraft:cobblestone_slab":24,"minecraft:diorite":17,"minecraft:diamond_chestplate":2,"minecraft:spruce_planks":28,"minecraft:quartz_block":2,"minecraft:iron_chestplate":1,"minecraft:wooden_axe":1,"backpacked:backpack":1,"minecraft:quartz_stairs":6,"minecraft:potion":3,"minecraft:brown_carpet":4,"minecraft:wooden_pickaxe":1,"minecraft:string":1,"minecraft:stone_brick_stairs":1,"minecraft:black_wool":1,"minecraft:spruce_sapling":2},"minecraft:used":{"minecraft:cooked_mutton":9,"minecraft:spruce_door":1,"minecraft:glass_bottle":16,"minecraft:stone_pickaxe":125,"minecraft:wooden_pickaxe":3,"minecraft:iron_sword":6,"minecraft:cauldron":2,"minecraft:quartz_stairs":1,"minecraft:diamond_axe":16,"minecraft:torch":39,"minecraft:dirt":18,"minecraft:crafting_table":4,"minecraft:red_bed":4,"minecraft:campfire":1,"minecraft:black_bed":3,"minecraft:wooden_axe":17,"minecraft:spruce_wood":1,"minecraft:bread":7,"minecraft:stone_axe":1,"minecraft:cobblestone":13,"minecraft:potion":15,"minecraft:air":1,"minecraft:cooked_beef":1,"minecraft:coarse_dirt":1,"minecraft:purple_carpet":1},"minecraft:crafted":{"minecraft:crafting_table":5,"minecraft:spruce_planks":76,"minecraft:wooden_pickaxe":1,"minecraft:spruce_door":3,"minecraft:campfire":1,"minecraft:stone_axe":1,"minecraft:stick":20,"minecraft:iron_ingot":27,"spore:plated_muscle":1,"minecraft:stone_pickaxe":1,"minecraft:wooden_axe":1,"minecraft:black_bed":1,"minecraft:torch":32},"minecraft:killed":{"undead_revamp2:thesmoker":1,"undead_revamp2:bomber":1,"spore:inf_pillager":1,"spore:inf_human":3,"spore:inf_witch":1,"undead_revamp2:sucker":1},"minecraft:picked_up":{"minecraft:enchanting_table":1,"minecraft:coarse_dirt":1,"minecraft:crafting_table":3,"minecraft:black_bed":2,"minecraft:potion":7,"minecraft:stone_brick_stairs":1,"minecraft:brewing_stand":2,"minecraft:red_bed":4,"minecraft:oak_trapdoor":4,"minecraft:string":1,"minecraft:dirt":23,"minecraft:purple_carpet":1,"minecraft:wheat_seeds":5,"minecraft:spruce_wood":4,"minecraft:cobblestone_slab":24,"spore:mutated_fiber":15,"minecraft:glass_bottle":2,"minecraft:quartz_stairs":7,"minecraft:coal_block":8,"minecraft:book":24,"minecraft:stick":4,"spore:plated_muscle":1,"minecraft:torch":10,"minecraft:spruce_sapling":2,"minecraft:diorite":17,"minecraft:spruce_log":32,"minecraft:cauldron":2,"minecraft:brown_carpet":4,"minecraft:quartz_block":2,"minecraft:light_gray_bed":2,"minecraft:diamond_chestplate":1,"minecraft:iron_block":3,"realisticforging:raw_iron_ore":33,"minecraft:bread":1,"minecraft:black_wool":4,"minecraft:coal":12,"minecraft:cobblestone":78},"minecraft:custom":{"minecraft:interact_with_furnace":1,"minecraft:mob_kills":8,"minecraft:interact_with_crafting_table":13,"minecraft:open_barrel":21,"minecraft:interact_with_loom":1,"minecraft:interact_with_campfire":5,"minecraft:leave_game":5,"minecraft:time_since_death":30645,"minecraft:sleep_in_bed":6,"minecraft:climb_one_cm":3119,"minecraft:time_since_rest":5728,"minecraft:sprint_one_cm":317764,"minecraft:damage_taken":1315,"minecraft:walk_one_cm":268447,"minecraft:trigger_trapped_chest":1,"minecraft:drop":46,"minecraft:damage_dealt":150,"minecraft:swim_one_cm":4501,"minecraft:talked_to_villager":1,"minecraft:fly_one_cm":228450,"minecraft:open_chest":39,"minecraft:crouch_one_cm":12071,"minecraft:play_time":146969,"minecraft:deaths":6,"minecraft:sneak_time":4615,"minecraft:walk_under_water_one_cm":2586,"minecraft:jump":1242,"minecraft:walk_on_water_one_cm":1660,"minecraft:total_world_time":146969,"minecraft:fall_one_cm":38060,"minecraft:use_cauldron":1},"minecraft:killed_by":{"apollyon:the_damned":1},"minecraft:mined":{"minecraft:red_bed":2,"minecraft:quartz_block":2,"minecraft:quartz_stairs":6,"minecraft:brown_carpet":4,"minecraft:crafting_table":3,"minecraft:torch":2,"minecraft:grass_block":7,"minecraft:white_stained_glass_pane":1,"minecraft:light_gray_bed":2,"minecraft:coal_block":8,"minecraft:tall_grass":1,"minecraft:cobblestone":2,"minecraft:spruce_leaves":8,"minecraft:cauldron":1,"minecraft:large_fern":1,"minecraft:coarse_dirt":1,"minecraft:oak_trapdoor":4,"minecraft:iron_ore":15,"minecraft:spruce_log":16,"minecraft:black_bed":2,"minecraft:bookshelf":6,"minecraft:enchanting_table":1,"minecraft:stone_brick_stairs":1,"minecraft:grass":6,"minecraft:black_wool":4,"minecraft:coal_ore":15,"minecraft:water_cauldron":1,"minecraft:vine":12,"minecraft:purple_carpet":1,"minecraft:dirt":27,"minecraft:cobweb":1,"minecraft:spruce_wood":5,"minecraft:stone":62,"minecraft:iron_block":3,"minecraft:fern":3}},"DataVersion":3465}