{"stats":{"minecraft:dropped":{"minecraft:diamond_axe":1,"minecraft:diamond_chestplate":2,"minecraft:glass_bottle":1,"minecraft:iron_chestplate":1,"backpacked:backpack":1,"minecraft:potion":1,"minecraft:enchanted_golden_apple":1,"minecraft:totem_of_undying":1,"minecraft:golden_apple":8,"minecraft:spruce_sapling":2},"minecraft:picked_up":{"minecraft:coarse_dirt":1,"minecraft:spruce_sapling":2,"minecraft:string":1,"minecraft:dirt":4,"minecraft:diamond_chestplate":1,"minecraft:spruce_wood":4,"minecraft:glass_bottle":2,"minecraft:black_wool":4},"minecraft:used":{"minecraft:cooked_mutton":4,"minecraft:spruce_wood":1,"minecraft:glass_bottle":9,"minecraft:iron_sword":1,"minecraft:dirt":4,"minecraft:potion":8,"minecraft:crafting_table":1,"minecraft:cooked_beef":1,"minecraft:air":1,"minecraft:coarse_dirt":1},"minecraft:crafted":{"minecraft:crafting_table":1,"minecraft:spruce_planks":12,"minecraft:stick":4,"minecraft:wooden_pickaxe":1,"minecraft:wooden_axe":1},"minecraft:custom":{"minecraft:time_since_rest":50042,"minecraft:interact_with_furnace":1,"minecraft:sprint_one_cm":126475,"minecraft:damage_taken":320,"minecraft:walk_one_cm":65039,"minecraft:drop":12,"minecraft:interact_with_crafting_table":1,"minecraft:fly_one_cm":101489,"minecraft:open_barrel":16,"minecraft:open_chest":29,"minecraft:crouch_one_cm":4174,"minecraft:interact_with_loom":1,"minecraft:play_time":60966,"minecraft:deaths":4,"minecraft:sneak_time":1526,"minecraft:jump":394,"minecraft:leave_game":3,"minecraft:time_since_death":50012,"minecraft:climb_one_cm":2029,"minecraft:total_world_time":60966,"minecraft:fall_one_cm":9562,"minecraft:use_cauldron":1},"minecraft:mined":{"minecraft:coarse_dirt":1,"minecraft:black_wool":4,"minecraft:grass":1,"minecraft:grass_block":7,"minecraft:dirt":1,"minecraft:cobweb":1,"minecraft:spruce_wood":4,"minecraft:spruce_leaves":7,"minecraft:fern":1}},"DataVersion":3465}