{"stats":{"minecraft:crafted":{"minecraft:stone_pickaxe":2,"minecraft:crafting_table":5,"minecraft:spruce_planks":76,"minecraft:wooden_pickaxe":1,"minecraft:spruce_door":3,"minecraft:campfire":1,"minecraft:stone_axe":1,"minecraft:stick":20,"minecraft:iron_ingot":27,"minecraft:wooden_axe":1,"spore:plated_muscle":1,"minecraft:black_bed":1,"minecraft:torch":32},"minecraft:picked_up":{"minecraft:crafting_table":4,"minecraft:coarse_dirt":5,"minecraft:oak_stairs":1,"minecraft:potion":13,"minecraft:stone_brick_stairs":1,"minecraft:brewing_stand":2,"minecraft:oak_trapdoor":4,"minecraft:string":1,"minecraft:red_bed":4,"minecraft:iron_axe":1,"minecraft:oak_sign":2,"minecraft:cobblestone_slab":24,"minecraft:quartz_stairs":7,"minecraft:coal_block":14,"minecraft:stick":10,"spore:plated_muscle":1,"minecraft:torch":12,"minecraft:stone_button":1,"minecraft:diorite":17,"minecraft:cauldron":2,"minecraft:brown_carpet":4,"minecraft:quartz_block":2,"minecraft:rotten_flesh":1,"minecraft:diamond_chestplate":1,"minecraft:light_gray_bed":4,"minecraft:iron_block":22,"realisticforging:raw_iron_ore":33,"minecraft:green_wool":2,"minecraft:cobblestone":85,"minecraft:enchanting_table":1,"minecraft:leather_chestplate":1,"minecraft:iron_door":1,"minecraft:andesite":3,"minecraft:black_bed":2,"minecraft:flint":1,"minecraft:dirt":54,"minecraft:cooked_mutton":21,"minecraft:purple_carpet":1,"minecraft:wheat_seeds":7,"minecraft:spruce_wood":17,"minecraft:iron_ingot":3,"spore:mutated_fiber":21,"minecraft:glass_bottle":2,"minecraft:book":24,"minecraft:gravel":5,"minecraft:stripped_spruce_log":1,"minecraft:spruce_sapling":6,"minecraft:spruce_log":45,"tacz:modern_kinetic_gun":1,"minecraft:lever":1,"minecraft:bread":1,"minecraft:black_wool":4,"minecraft:coal":12},"minecraft:custom":{"minecraft:mob_kills":20,"minecraft:interact_with_crafting_table":19,"minecraft:open_barrel":22,"minecraft:interact_with_campfire":11,"minecraft:damage_dealt_resisted":12,"minecraft:leave_game":6,"minecraft:time_since_death":127770,"minecraft:climb_one_cm":6112,"minecraft:sprint_one_cm":515241,"minecraft:walk_one_cm":396679,"minecraft:damage_blocked_by_shield":240,"minecraft:drop":68,"minecraft:talked_to_villager":3,"minecraft:play_time":244094,"minecraft:deaths":6,"minecraft:sneak_time":7171,"minecraft:walk_under_water_one_cm":3325,"minecraft:jump":1674,"minecraft:walk_on_water_one_cm":3332,"minecraft:total_world_time":244094,"minecraft:interact_with_furnace":1,"minecraft:interact_with_loom":1,"minecraft:pot_flower":1,"minecraft:sleep_in_bed":11,"minecraft:time_since_rest":6885,"minecraft:damage_taken":1756,"minecraft:trigger_trapped_chest":1,"minecraft:damage_dealt":471,"minecraft:swim_one_cm":5960,"minecraft:fly_one_cm":308649,"minecraft:open_chest":69,"minecraft:crouch_one_cm":16565,"minecraft:use_cauldron":1,"minecraft:fall_one_cm":48137},"minecraft:killed_by":{"apollyon:the_damned":1},"minecraft:killed":{"undead_revamp2:thewolf":1,"undead_revamp2:thesmoker":1,"undead_revamp2:bomber":1,"undead_revamp2:sucker":1,"minecraft:husk":2,"spore:inf_pillager":3,"spore:inf_villager":4,"minecraft:zombie":2,"spore:inf_human":4,"spore:inf_witch":1},"minecraft:used":{"minecraft:shield":4,"minecraft:iron_sword":13,"minecraft:quartz_stairs":1,"minecraft:torch":44,"minecraft:dirt":21,"minecraft:wooden_axe":17,"minecraft:spruce_wood":3,"minecraft:green_wool":2,"minecraft:cooked_beef":1,"minecraft:light_gray_bed":1,"minecraft:cooked_mutton":14,"minecraft:spruce_door":1,"minecraft:stone_pickaxe":160,"minecraft:glass_bottle":24,"minecraft:baked_potato":6,"minecraft:wooden_pickaxe":3,"minecraft:cauldron":2,"minecraft:diamond_axe":83,"minecraft:golden_apple":1,"minecraft:crafting_table":4,"minecraft:red_bed":4,"minecraft:crossbow":30,"minecraft:campfire":1,"minecraft:black_bed":3,"minecraft:cake":1,"minecraft:spruce_log":1,"minecraft:firework_rocket":1,"minecraft:bread":9,"minecraft:stone_button":1,"minecraft:iron_door":1,"minecraft:spruce_sapling":4,"minecraft:gravel":1,"minecraft:stone_axe":1,"minecraft:cobblestone":32,"minecraft:potion":23,"minecraft:air":1,"minecraft:coarse_dirt":1,"minecraft:purple_carpet":1},"minecraft:mined":{"minecraft:quartz_stairs":6,"minecraft:lever":1,"minecraft:grass_block":30,"minecraft:light_gray_bed":4,"minecraft:coal_block":14,"minecraft:spruce_leaves":79,"minecraft:large_fern":1,"minecraft:oak_trapdoor":4,"minecraft:iron_ore":15,"minecraft:andesite":3,"minecraft:stripped_spruce_log":1,"minecraft:enchanting_table":1,"minecraft:bookshelf":6,"minecraft:water_cauldron":1,"minecraft:vine":18,"minecraft:oak_stairs":1,"minecraft:purple_carpet":1,"minecraft:spruce_wood":18,"minecraft:stone":62,"minecraft:iron_block":19,"minecraft:green_wool":2,"minecraft:podzol":8,"minecraft:quartz_block":2,"minecraft:red_bed":2,"minecraft:brown_carpet":4,"minecraft:crafting_table":4,"minecraft:torch":2,"minecraft:white_stained_glass_pane":1,"minecraft:tall_grass":1,"minecraft:cobblestone":9,"minecraft:cauldron":1,"minecraft:coarse_dirt":5,"minecraft:spruce_log":29,"minecraft:black_bed":2,"minecraft:stone_brick_stairs":1,"minecraft:grass":10,"minecraft:black_wool":4,"minecraft:coal_ore":15,"minecraft:dirt":27,"minecraft:gravel":6,"minecraft:cobweb":1,"minecraft:fern":4},"minecraft:dropped":{"minecraft:wheat_seeds":6,"minecraft:diamond_axe":1,"minecraft:glass_bottle":1,"minecraft:crafting_table":3,"spore:plated_muscle":2,"minecraft:cobblestone":8,"minecraft:spruce_door":2,"minecraft:golden_apple":8,"minecraft:stick":7,"minecraft:flint":1,"minecraft:dirt":33,"minecraft:diorite":17,"minecraft:wooden_axe":1,"backpacked:backpack":1,"minecraft:potion":4,"minecraft:string":1,"minecraft:spruce_sapling":2,"minecraft:gravel":4,"minecraft:oak_trapdoor":4,"minecraft:coarse_dirt":4,"minecraft:rotten_flesh":1,"minecraft:enchanted_golden_apple":1,"spore:mutated_fiber":17,"minecraft:totem_of_undying":1,"minecraft:leather_chestplate":2,"minecraft:cobblestone_slab":24,"minecraft:tipped_arrow":1,"minecraft:diamond_chestplate":2,"minecraft:spruce_planks":28,"minecraft:iron_chestplate":1,"minecraft:andesite":3,"minecraft:quartz_block":2,"minecraft:quartz_stairs":6,"minecraft:brown_carpet":4,"minecraft:wooden_pickaxe":1,"minecraft:stone_brick_stairs":1,"minecraft:black_wool":1,"minecraft:firework_rocket":1},"minecraft:broken":{"minecraft:stone_pickaxe":1}},"DataVersion":3465}