{"stat.useItem.minecraft.bow":30,"stat.useItem.minecraft.stone":22,"stat.leaveGame":3,"stat.useItem.minecraft.sponge":52,"stat.useItem.minecraft.potion":2,"stat.drop.minecraft.sponge":1,"stat.jump":2403,"stat.swimOneCm":3322,"stat.useItem.minecraft.planks":2117,"stat.climbOneCm":8094,"stat.fallOneCm":1347,"stat.craftItem.minecraft.shield":2,"stat.drop.minecraft.stone":1,"stat.crouchOneCm":2225,"stat.craftItem.minecraft.banner":9,"stat.useItem.minecraft.dirt":9014,"stat.pickup.minecraft.dirt":320,"stat.useItem.minecraft.water_bucket":28,"stat.craftingTableInteraction":12,"stat.pickup.minecraft.sand":33,"stat.damageTaken":20,"stat.pickup.minecraft.leather":2,"stat.drop.minecraft.water_bucket":1,"stat.pickup.minecraft.cobblestone":2,"stat.pickup.minecraft.dye":18,"stat.pickup.minecraft.planks":7,"stat.flyOneCm":1710417,"stat.pickup.minecraft.wheat_seeds":198,"stat.damageDealt":80,"stat.sleepInBed":8,"stat.timeSinceDeath":474933,"stat.killEntity.Cow":1,"stat.useItem.minecraft.crafting_table":3,"stat.useItem.minecraft.wooden_slab":30,"stat.pickup.minecraft.mutton":1,"stat.walkOneCm":1620960,"stat.useItem.minecraft.torch":179,"stat.useItem.minecraft.cobblestone":94,"stat.useItem.minecraft.tnt":47,"stat.drop.minecraft.dirt":2,"stat.drop.minecraft.red_flower":2,"stat.pickup.minecraft.string":2,"stat.pickup.minecraft.sponge":1,"stat.pickup.minecraft.beef":1,"stat.sprintOneCm":62946,"stat.pickup.minecraft.ladder":20,"stat.pickup.minecraft.banner":22,"stat.useItem.minecraft.bed":4,"stat.useItem.minecraft.flint_and_steel":1,"stat.mobKills":2,"stat.pickup.minecraft.water_bucket":1,"stat.drop":7,"stat.playOneMinute":474933,"stat.pickup.minecraft.torch":51,"stat.useItem.minecraft.banner":96,"stat.killEntity.Sheep":1,"stat.pickup.minecraft.red_flower":30,"stat.useItem.minecraft.ladder":108,"stat.sneakTime":4819,"stat.pickup.minecraft.wool":1,"stat.pickup.minecraft.yellow_flower":19,"stat.diveOneCm":1594,"stat.useItem.minecraft.web":1952}