{"stats":{"minecraft:killed_by":{"apollyon:the_damned":1},"minecraft:dropped":{"minecraft:iron_ingot":3,"minecraft:wheat_seeds":2,"minecraft:glass_bottle":1,"spore:plated_muscle":1,"minecraft:oak_fence":1,"minecraft:feather":1,"minecraft:cobblestone":19,"minecraft:dirt":12,"minecraft:stone_button":2,"minecraft:diorite":17,"minecraft:torch":8,"minecraft:iron_door":1,"minecraft:potion":1,"minecraft:iron_leggings":1,"minecraft:iron_axe":1,"quark:black_shard":2,"minecraft:stone_slab":1,"minecraft:cooked_mutton":21,"minecraft:chainmail_chestplate":1,"minecraft:leather_chestplate":1,"minecraft:cobblestone_slab":24,"minecraft:gray_terracotta":1,"minecraft:spruce_planks":12,"minecraft:stone_pickaxe":3},"minecraft:broken":{"minecraft:stone_pickaxe":1},"minecraft:used":{"minecraft:oak_sign":1,"tacz:gun_smith_table":3,"minecraft:spruce_planks":17,"minecraft:shield":6,"minecraft:iron_sword":27,"minecraft:torch":58,"minecraft:dirt":42,"minecraft:spruce_fence":41,"quark:spruce_chest":5,"minecraft:iron_axe":1,"minecraft:oak_stairs":3,"minecraft:stone_brick_stairs":2,"minecraft:bow":55,"minecraft:cooked_beef":4,"minecraft:dragon_head":1,"minecraft:light_gray_bed":4,"minecraft:cooked_mutton":5,"minecraft:glass_bottle":19,"minecraft:stone_pickaxe":305,"minecraft:sandstone":2,"minecraft:diamond_axe":257,"minecraft:golden_apple":6,"minecraft:crafting_table":3,"minecraft:red_bed":2,"minecraft:purple_terracotta":2,"minecraft:apple":20,"minecraft:diamond_shovel":15,"minecraft:iron_pickaxe":252,"minecraft:spruce_sapling":3,"minecraft:cobblestone":24,"minecraft:potion":20,"minecraft:cooked_porkchop":2,"minecraft:andesite":26,"minecraft:air":1},"minecraft:picked_up":{"minecraft:crafting_table":3,"minecraft:black_carpet":3,"minecraft:stone_slab":1,"minecraft:oak_stairs":3,"minecraft:potion":8,"minecraft:stone_brick_stairs":2,"minecraft:dragon_head":1,"minecraft:string":1,"minecraft:red_bed":1,"minecraft:oak_sign":1,"minecraft:spruce_planks":36,"quark:black_shard":2,"minecraft:quartz_stairs":3,"minecraft:coal_block":5,"fight_or_die:ripping_flesh":5,"minecraft:stick":11,"minecraft:sandstone":2,"fight_or_die:rotten_brain":1,"spore:plated_muscle":1,"minecraft:oak_fence":1,"minecraft:torch":2,"minecraft:spruce_fence":8,"minecraft:stone_button":2,"minecraft:diorite":17,"minecraft:purple_terracotta":2,"minecraft:quartz_block":2,"minecraft:light_gray_bed":5,"minecraft:rotten_flesh":10,"minecraft:iron_block":48,"realisticforging:raw_iron_ore":52,"minecraft:cobblestone":314,"minecraft:leather_chestplate":1,"minecraft:iron_door":1,"minecraft:andesite":39,"minecraft:dirt":54,"minecraft:bone":5,"minecraft:gray_terracotta":1,"minecraft:wheat_seeds":2,"minecraft:spruce_wood":48,"minecraft:stone_pickaxe":1,"spore:mutated_fiber":14,"tacz:gun_smith_table":2,"spore:cerebrum":1,"minecraft:red_wool":3,"minecraft:gravel":2,"minecraft:spruce_sapling":10,"minecraft:spruce_log":42,"minecraft:slime_ball":4,"tacz:modern_kinetic_gun":1,"minecraft:granite":10,"minecraft:coal":41},"minecraft:crafted":{"minecraft:cobblestone_slab":24,"minecraft:iron_nugget":9,"realisticforging:chisel":1,"minecraft:spruce_fence":33,"realisticforging:woodpestle":1,"realisticforging:smithing_hammer":1,"realisticforging:two_sticks":1,"minecraft:stone_pickaxe":4,"quark:spruce_chest":5,"minecraft:crafting_table":1,"minecraft:spruce_planks":112,"minecraft:red_bed":1,"tacz:gun_smith_table":1,"minecraft:stick":52,"realisticforging:blacksmithstongs":1,"minecraft:iron_ingot":54,"spore:plated_muscle":3,"realisticforging:bigpan":1,"minecraft:torch":64},"minecraft:custom":{"minecraft:inspect_dropper":7,"minecraft:mob_kills":31,"minecraft:interact_with_crafting_table":11,"minecraft:open_barrel":13,"minecraft:interact_with_campfire":6,"minecraft:damage_dealt_resisted":18,"minecraft:leave_game":6,"minecraft:time_since_death":212219,"minecraft:climb_one_cm":9668,"minecraft:sprint_one_cm":382589,"minecraft:walk_one_cm":543332,"minecraft:damage_blocked_by_shield":390,"minecraft:drop":49,"minecraft:talked_to_villager":3,"minecraft:play_time":288108,"minecraft:deaths":1,"minecraft:sneak_time":23812,"minecraft:walk_under_water_one_cm":8780,"minecraft:boat_one_cm":7876,"minecraft:jump":2422,"minecraft:interact_with_blast_furnace":1,"minecraft:walk_on_water_one_cm":7334,"minecraft:total_world_time":288108,"minecraft:interact_with_furnace":4,"minecraft:sleep_in_bed":16,"minecraft:time_since_rest":12662,"minecraft:damage_absorbed":27,"minecraft:damage_taken":1374,"minecraft:trigger_trapped_chest":12,"minecraft:damage_dealt":1436,"minecraft:swim_one_cm":19245,"minecraft:fly_one_cm":407334,"minecraft:open_chest":83,"minecraft:crouch_one_cm":61006,"minecraft:use_cauldron":5,"minecraft:fall_one_cm":61085,"minecraft:inspect_dispenser":3},"minecraft:killed":{"fight_or_die:springer":1,"undead_revamp2:theswarmer":1,"fight_or_die:shiller":1,"undead_revamp2:sucker":1,"alexsmobs:flying_fish":1,"minecraft:husk":1,"spore:inf_wanderer":1,"fight_or_die:mutated_cow":1,"spore:inf_drowned":1,"spore:inf_pillager":3,"spore:inf_villager":4,"minecraft:zombie":7,"spore:inf_human":6,"zombie_extreme:rat_king":1},"minecraft:mined":{"minecraft:dragon_wall_head":1,"minecraft:spruce_planks":9,"minecraft:quartz_stairs":4,"minecraft:brewing_stand":2,"minecraft:granite":10,"minecraft:purple_terracotta":2,"minecraft:grass_block":15,"minecraft:spruce_fence":8,"minecraft:light_gray_bed":5,"minecraft:coal_block":5,"minecraft:spruce_leaves":195,"tacz:gun_smith_table":2,"minecraft:oak_wall_sign":1,"minecraft:spawner":6,"minecraft:iron_ore":20,"minecraft:andesite":39,"minecraft:bookshelf":2,"minecraft:vine":7,"minecraft:oak_stairs":3,"minecraft:spruce_wood":47,"minecraft:stone":296,"minecraft:iron_block":51,"minecraft:gray_terracotta":1,"minecraft:glass_pane":3,"minecraft:quartz_block":2,"minecraft:red_wool":3,"minecraft:red_bed":3,"minecraft:oak_fence":1,"minecraft:crafting_table":2,"minecraft:torch":1,"minecraft:cobblestone":15,"minecraft:tall_grass":2,"minecraft:diorite":17,"minecraft:iron_door":2,"minecraft:wall_torch":1,"minecraft:mud":1,"minecraft:spruce_log":74,"minecraft:birch_leaves":11,"minecraft:stone_brick_stairs":2,"minecraft:smooth_stone_slab":2,"minecraft:grass":6,"minecraft:coal_ore":38,"minecraft:dirt":37,"minecraft:gravel":10,"minecraft:oak_leaves":2,"spore:remains":1}},"DataVersion":3465}