{"stat.chestOpened":9,"stat.drop.mw.mp43e":1,"stat.walkOneCm":12595,"stat.leaveGame":3,"stat.drop.mw.g43_gewehr":1,"stat.drop.mw.m1941_johnson_rifle":1,"stat.drop.mw.m1873":1,"stat.drop.mw.izhmash_ak12":1,"stat.pickup.mw.dp28":1,"stat.jump":26,"stat.fallOneCm":476,"stat.pickup.mw.bren_mkii":1,"stat.drop.mw.dp28":1,"stat.crouchOneCm":400,"stat.pickup.mw.m16a4":1,"stat.sprintOneCm":2015,"stat.useItem.minecraft.stone_slab2":10,"stat.drop.mw.bren_mkii":1,"stat.drop.mw.m1897":1,"stat.pickup.mw.mp43e":1,"stat.flyOneCm":5908,"stat.drop":9,"stat.playOneMinute":37043,"stat.pickup.mw.m1897":1,"stat.sneakTime":156,"stat.drop.mw.m16a4":1,"stat.pickup.mw.mp5a5":1,"stat.timeSinceDeath":37043}