{"stats":{"minecraft:crafted":{"minecraft:cobblestone_slab":24,"minecraft:chain":3,"realisticforging:chisel":1,"minecraft:cooked_mutton":1,"minecraft:iron_bars":16,"butcher:sponge":4,"realisticforging:smithing_hammer":1,"realisticforging:two_sticks":1,"butcher:llamameat":7,"minecraft:crafting_table":2,"minecraft:spruce_planks":168,"farmersdelight:iron_knife":1,"butcher:skinning_knife":1,"zombie_extreme:lead_plate":2,"realisticforging:smithing_anvil":1,"realisticforging:hotrawironore":2,"minecraft:stick":84,"minecraft:iron_ingot":180,"spore:plated_muscle":3,"realisticforging:bigpan":1,"butcher:bloodgrate":1,"minecraft:iron_nugget":36,"minecraft:furnace":1,"minecraft:spruce_fence":33,"realisticforging:woodpestle":1,"butchersdelightfoods:cooked_llama_leg":1,"minecraft:stone_pickaxe":14,"butcher:emptyskinrack":1,"minecraft:spruce_boat":1,"quark:spruce_chest":5,"minecraft:red_bed":1,"tacz:gun_smith_table":1,"minecraft:bucket":1,"minecraft:air":0,"minecraft:potion":11,"butcher:hook":1,"realisticforging:blacksmithstongs":1,"minecraft:torch":120},"minecraft:dropped":{"minecraft:glass_bottle":1,"minecraft:flint":1,"minecraft:cyan_terracotta":1,"butcher:sponge":2,"minecraft:dirt":26,"minecraft:stone_button":2,"minecraft:white_wool":2,"minecraft:bone":3,"quark:black_shard":2,"minecraft:gravel":54,"butcher:bloodgrate":1,"minecraft:yellow_wool":2,"minecraft:rotten_flesh":7,"minecraft:cooked_mutton":21,"butcher:creamy_llama_head":1,"minecraft:carrot":1,"minecraft:chainmail_chestplate":1,"minecraft:leather_chestplate":1,"butcher:emptyskinrack":1,"fight_or_die:ripping_flesh":2,"butcher:wet_sponge":1,"minecraft:iron_ingot":3,"butcher:skinning_knife":1,"minecraft:wheat_seeds":4,"butcher:butchers_knife":1,"spore:plated_muscle":1,"minecraft:oak_fence":1,"minecraft:cobblestone":20,"minecraft:feather":1,"minecraft:diorite":17,"minecraft:torch":8,"minecraft:iron_door":1,"minecraft:potion":7,"minecraft:iron_leggings":1,"tacz:modern_kinetic_gun":1,"minecraft:iron_axe":1,"minecraft:stone_brick_slab":1,"minecraft:stone_slab":1,"spore:mutated_fiber":7,"minecraft:cobblestone_slab":24,"minecraft:gray_terracotta":1,"minecraft:spruce_planks":12,"minecraft:iron_chestplate":2,"minecraft:stone_pickaxe":3,"minecraft:quartz_slab":1},"minecraft:custom":{"minecraft:interact_with_crafting_table":33,"minecraft:open_barrel":17,"minecraft:leave_game":8,"minecraft:time_since_death":208391,"minecraft:sprint_one_cm":638323,"minecraft:damage_blocked_by_shield":970,"minecraft:drop":84,"minecraft:talked_to_villager":3,"minecraft:play_time":554433,"minecraft:deaths":2,"minecraft:jump":3857,"minecraft:walk_on_water_one_cm":13627,"minecraft:interact_with_furnace":59,"minecraft:sleep_in_bed":26,"minecraft:open_enderchest":1,"minecraft:damage_dealt":8071,"minecraft:crouch_one_cm":155240,"minecraft:use_cauldron":10,"minecraft:inspect_dispenser":3,"minecraft:inspect_dropper":7,"minecraft:mob_kills":83,"minecraft:fill_cauldron":1,"minecraft:interact_with_campfire":16,"minecraft:damage_dealt_resisted":222,"minecraft:climb_one_cm":21099,"minecraft:walk_one_cm":902083,"minecraft:sneak_time":65724,"minecraft:walk_under_water_one_cm":12101,"minecraft:boat_one_cm":64627,"minecraft:interact_with_blast_furnace":1,"minecraft:total_world_time":554433,"minecraft:time_since_rest":2577,"minecraft:damage_absorbed":68,"minecraft:damage_taken":2293,"minecraft:trigger_trapped_chest":13,"minecraft:swim_one_cm":53349,"minecraft:fly_one_cm":682491,"minecraft:open_chest":192,"minecraft:fall_one_cm":92806},"minecraft:mined":{"minecraft:dark_oak_planks":1,"minecraft:dragon_wall_head":1,"minecraft:spruce_planks":9,"minecraft:stone_pressure_plate":2,"spore:wall_growths":6,"butcher:brownllamahead":1,"minecraft:brewing_stand":2,"minecraft:granite":10,"minecraft:grass_block":20,"minecraft:infested_cobblestone":1,"zombie_extreme:deepslate_lead":8,"spore:fungal_stem":4,"minecraft:light_gray_bed":13,"minecraft:coal_block":5,"tacz:gun_smith_table":2,"minecraft:oak_wall_sign":1,"minecraft:spawner":6,"minecraft:red_stained_glass_pane":1,"minecraft:iron_ore":20,"minecraft:cobbled_deepslate":20,"minecraft:deepslate_lapis_ore":12,"spore:growth_mycelium":4,"minecraft:azure_bluet":1,"minecraft:oak_stairs":3,"minecraft:quartz_slab":4,"minecraft:spruce_wood":61,"minecraft:iron_block":54,"minecraft:sandstone_slab":3,"minecraft:gray_terracotta":1,"minecraft:cut_sandstone":1,"minecraft:quartz_block":2,"minecraft:red_bed":3,"minecraft:cyan_terracotta":1,"minecraft:chiseled_quartz_block":3,"spore:growths_big":5,"minecraft:torch":15,"minecraft:cobblestone":31,"minecraft:bricks":7,"minecraft:iron_door":3,"minecraft:wall_torch":9,"minecraft:deepslate_copper_ore":11,"spore:fungal_stem_sapling":1,"minecraft:mud":1,"minecraft:yellow_wool":2,"minecraft:stone_brick_stairs":2,"minecraft:smooth_stone_slab":2,"minecraft:grass":9,"minecraft:oak_log":8,"minecraft:dirt":137,"spore:remains":1,"minecraft:oak_leaves":2,"minecraft:deepslate":191,"spore:wall_growths_big":4,"minecraft:quartz_stairs":5,"minecraft:purple_terracotta":2,"minecraft:spruce_fence":12,"minecraft:spruce_leaves":198,"spore:growths_small":9,"minecraft:sandstone":5,"minecraft:large_fern":1,"minecraft:black_stained_glass_pane":2,"minecraft:furnace":3,"spore:blomfung":2,"minecraft:andesite":49,"minecraft:bookshelf":2,"minecraft:vine":10,"minecraft:stone":420,"minecraft:white_wool":16,"minecraft:ender_chest":1,"minecraft:podzol":3,"minecraft:glass_pane":3,"minecraft:red_wool":3,"minecraft:stone_brick_slab":1,"minecraft:oak_fence":1,"minecraft:crafting_table":4,"minecraft:sponge":29,"minecraft:tall_grass":2,"minecraft:lapis_ore":3,"minecraft:diorite":17,"minecraft:coarse_dirt":3,"spore:bloomfung2":8,"minecraft:spruce_log":74,"minecraft:birch_leaves":13,"fight_or_die:blood_splash2":1,"spore:fungal_stem_top":1,"minecraft:coal_ore":38,"minecraft:mycelium":11,"minecraft:gravel":24,"minecraft:cobweb":4,"minecraft:fern":2},"minecraft:broken":{"minecraft:stone_pickaxe":4},"minecraft:killed_by":{"apollyon:the_damned":1,"cave_dweller:cave_dweller":1},"minecraft:used":{"minecraft:oak_sign":1,"minecraft:shield":15,"minecraft:iron_sword":178,"minecraft:spruce_boat":1,"minecraft:stone_brick_stairs":2,"minecraft:bow":81,"minecraft:furnace":4,"minecraft:dragon_head":1,"minecraft:stone_pickaxe":779,"realisticforging:smithing_anvil":1,"minecraft:sandstone":2,"minecraft:diamond_axe":289,"minecraft:white_wool":8,"minecraft:golden_apple":7,"minecraft:sponge":23,"minecraft:purple_terracotta":2,"minecraft:chiseled_quartz_block":3,"butcher:brownllamahead":2,"minecraft:gravel":3,"minecraft:andesite":26,"minecraft:chain":3,"minecraft:air":6,"minecraft:coarse_dirt":2,"butcher:creamy_llama":1,"tacz:gun_smith_table":3,"minecraft:spruce_planks":17,"minecraft:torch":187,"minecraft:dirt":110,"minecraft:spruce_fence":45,"minecraft:dark_oak_planks":1,"minecraft:oak_stairs":3,"quark:spruce_chest":5,"minecraft:iron_axe":1,"butcher:llamameat":7,"butchersdelightfoods:cooked_llama_leg":1,"minecraft:stone_pressure_plate":2,"minecraft:cooked_beef":4,"minecraft:cobbled_deepslate":114,"minecraft:light_gray_bed":12,"minecraft:cooked_mutton":12,"minecraft:water_bucket":4,"minecraft:glass_bottle":38,"minecraft:crafting_table":5,"minecraft:red_bed":2,"minecraft:apple":24,"minecraft:diamond_shovel":136,"minecraft:iron_pickaxe":252,"minecraft:spruce_sapling":3,"minecraft:cobblestone":210,"minecraft:potion":40,"minecraft:cooked_porkchop":2,"minecraft:bucket":5,"minecraft:sandstone_slab":4},"minecraft:picked_up":{"minecraft:iron_chestplate":1,"minecraft:black_carpet":3,"minecraft:yellow_wool":2,"minecraft:stone_slab":1,"minecraft:oak_stairs":3,"minecraft:potion":25,"minecraft:stone_brick_stairs":2,"minecraft:string":5,"minecraft:oak_sign":5,"minecraft:cobbled_deepslate":153,"minecraft:spruce_planks":67,"quark:black_shard":2,"minecraft:coal_block":5,"minecraft:furnace":3,"minecraft:stick":11,"butcher:brownllamahead":2,"spore:plated_muscle":1,"minecraft:oak_fence":1,"minecraft:torch":90,"minecraft:diorite":17,"minecraft:quartz_block":2,"minecraft:light_gray_bed":13,"minecraft:rotten_flesh":19,"realisticforging:raw_iron_ore":52,"minecraft:iron_block":51,"minecraft:cyan_terracotta":1,"minecraft:obsidian":8,"zombie_extreme:juggernaut_suit_chestplate":1,"minecraft:cobblestone":469,"minecraft:sponge":29,"minecraft:leather_chestplate":1,"minecraft:iron_door":2,"minecraft:andesite":39,"minecraft:chiseled_quartz_block":3,"minecraft:flint":1,"minecraft:lapis_lazuli":98,"minecraft:dirt":148,"minecraft:bone":7,"minecraft:gray_terracotta":1,"minecraft:wheat_seeds":4,"tacz:gun_smith_table":2,"spore:cerebrum":1,"spore:claw_fragment":3,"minecraft:granite":10,"minecraft:bricks":7,"butcher:rawllamameat":7,"minecraft:crafting_table":5,"minecraft:coarse_dirt":3,"minecraft:sandstone_slab":4,"minecraft:dragon_head":1,"minecraft:red_bed":1,"minecraft:quartz_slab":6,"butcher:sponge":2,"minecraft:quartz_stairs":4,"fight_or_die:ripping_flesh":7,"minecraft:sandstone":2,"fight_or_die:rotten_brain":1,"minecraft:spruce_fence":12,"minecraft:stone_button":2,"minecraft:carrot":1,"minecraft:redstone":1,"minecraft:stone_pressure_plate":2,"minecraft:purple_terracotta":2,"minecraft:dark_oak_planks":1,"spore:tendons":3,"minecraft:white_wool":10,"butcher:butchers_knife":1,"minecraft:oak_log":8,"minecraft:gunpowder":2,"realisticforging:copperore":31,"zombie_extreme:raw_lead":8,"minecraft:spruce_wood":62,"minecraft:iron_ingot":1,"minecraft:stone_pickaxe":1,"spore:mutated_fiber":23,"butcher:creamy_llama_head":1,"minecraft:stone_brick_slab":1,"minecraft:red_wool":3,"minecraft:gravel":59,"minecraft:spruce_sapling":10,"minecraft:spruce_log":42,"butcher:wet_sponge":1,"minecraft:slime_ball":4,"tacz:modern_kinetic_gun":3,"minecraft:gray_wool":1,"minecraft:coal":41},"minecraft:killed":{"fight_or_die:springer":1,"zombie_extreme:night_hunter":1,"spore:leaper":1,"undead_revamp2:thesmoker":2,"undead_revamp2:theswarmer":1,"zombie_extreme:clicker":1,"spore:inf_wanderer":1,"fight_or_die:mutated_cow":1,"spore:inf_drowned":1,"fight_or_die:mutated_villager":1,"spore:inf_villager":5,"minecraft:zombie":12,"spore:inf_human":8,"fight_or_die:mutated_player":2,"zombie_extreme:rat_king":1,"fight_or_die:mutated_human_head":2,"fight_or_die:mutated_pig":1,"zombie_extreme:faceless":1,"zombie_extreme:revived":1,"fight_or_die:mutated_human":2,"fight_or_die:shiller":1,"zombie_extreme:parasite":1,"undead_revamp2:sucker":1,"alexsmobs:flying_fish":1,"fight_or_die:mutated_villager_head":1,"zombie_extreme:crawler":1,"minecraft:husk":17,"zombie_extreme:infected":1,"undead_revamp2:the_moonflower":1,"spore:inf_pillager":4,"undead_revamp2:thesomnolence":4,"spore:inf_witch":1,"spore:inf_husk":1}},"DataVersion":3465}