{"stats":{"minecraft:dropped":{"minecraft:wheat_seeds":1,"minecraft:oak_log":23,"minecraft:glass_bottle":1,"minecraft:potion":1,"minecraft:paper":1,"minecraft:stone_axe":1,"minecraft:iron_boots":1,"minecraft:oak_sapling":1,"farmersdelight:bacon_and_eggs":1,"minecraft:wooden_pickaxe":1},"minecraft:custom":{"minecraft:mob_kills":20,"minecraft:interact_with_crafting_table":19,"minecraft:open_barrel":6,"minecraft:damage_dealt_resisted":99,"minecraft:leave_game":2,"minecraft:time_since_death":3256,"minecraft:climb_one_cm":1792,"minecraft:sprint_one_cm":334478,"minecraft:walk_one_cm":255469,"minecraft:drop":10,"minecraft:play_time":131640,"minecraft:deaths":2,"minecraft:sneak_time":9959,"minecraft:walk_under_water_one_cm":1160,"minecraft:jump":1681,"minecraft:walk_on_water_one_cm":10407,"minecraft:total_world_time":131640,"minecraft:interact_with_furnace":32,"minecraft:sleep_in_bed":3,"minecraft:time_since_rest":3281,"minecraft:damage_taken":1201,"minecraft:damage_dealt":3047,"minecraft:fly_one_cm":278213,"minecraft:open_chest":67,"minecraft:crouch_one_cm":21178,"minecraft:fall_one_cm":48041},"minecraft:crafted":{"minecraft:oak_planks":44,"minecraft:stone_pickaxe":1,"minecraft:chest":2,"hunting_delight:huntingknife":1,"farmersdelight:stove":1,"minecraft:oak_slab":6,"minecraft:cooked_porkchop":6,"minecraft:crafting_table":2,"minecraft:wooden_pickaxe":1,"minecraft:oak_wood":3,"minecraft:campfire":1,"minecraft:stone_axe":1,"farmersdelight:skillet":1,"minecraft:air":0,"farmersdelight:bacon_and_eggs":1,"farmersdelight:cutting_board":1,"farmersdelight:golden_knife":1,"minecraft:stick":8,"minecraft:iron_ingot":8,"minecraft:gold_ingot":2},"minecraft:killed":{"undead_revamp2:thewolf":1,"zombie_extreme:night_hunter":1,"undead_revamp2:axestrom":1,"undead_revamp2:bomber":1,"zombie_extreme:divided":1,"fatzombie:fat_zombie_red":1,"zombie_extreme:runner":1,"undead_revamp2:sucker":1,"minecraft:pig":1,"zombie_extreme:boomer":1,"zombie_extreme:infected_military":2,"zombie_extreme:infected":1,"zombie_extreme:infected_hazmat":1,"fatzombie:fat_zombie_green":1,"zombie_extreme:bomber":1,"zombie_extreme:military":2,"minecraft:zombie":1,"minecraft:cow":2},"minecraft:killed_by":{"zombie_extreme:infected_police":1},"minecraft:mined":{"undead_revamp2:arapholia":2,"minecraft:granite":1,"minecraft:allium":1,"minecraft:grass_block":8,"zombie_extreme:deepslate_lead":2,"minecraft:spruce_leaves":2,"farmersdelight:wild_onions":15,"minecraft:iron_ore":26,"zombie_extreme:ore_lead":8,"zombie_extreme:ore_steel":14,"minecraft:andesite":1,"zombie_extreme:wire":13,"minecraft:pointed_dripstone":1,"zombie_extreme:deepslate_tin":7,"minecraft:deepslate_iron_ore":2,"zombie_extreme:tool_box":1,"minecraft:light_gray_concrete":1,"minecraft:stone":55,"zombie_extreme:ore_aluminum":1,"minecraft:glass_pane":9,"zombie_extreme:bear_trap":4,"minecraft:cobblestone":1,"minecraft:bricks":6,"farmersdelight:skillet":1,"zombie_extreme:ore_tin":9,"zombie_extreme:thorium_ore":6,"minecraft:birch_log":18,"zombie_extreme:ore_ruby":6,"minecraft:spruce_log":19,"minecraft:birch_leaves":1,"zombie_extreme:deepslate_steel":11,"minecraft:grass":9,"minecraft:coal_ore":27,"minecraft:oak_log":52,"minecraft:dripstone_block":3,"minecraft:dirt":10,"minecraft:cobweb":2,"minecraft:deepslate":23,"minecraft:oak_leaves":5,"minecraft:infested_stone":1},"minecraft:picked_up":{"minecraft:iron_chestplate":2,"minecraft:allium":30,"zombie_extreme:bear_trap":4,"zombie_extreme:raw_tin":28,"tac:sti2011":2,"minecraft:potion":4,"zombie_extreme:baseball_bat":1,"minecraft:string":8,"minecraft:iron_leggings":1,"flashlight:flashlight":2,"minecraft:cobbled_deepslate":25,"minecraft:beef":1,"minecraft:iron_pickaxe":1,"minecraft:iron_boots":1,"minecraft:egg":5,"zombie_extreme:ruby":6,"zombie_extreme:raw_aluminum":2,"minecraft:stick":12,"minecraft:raw_iron":48,"hunting_delight:humanmeat":4,"minecraft:porkchop":10,"minecraft:pointed_dripstone":1,"zombie_extreme:gas_mask_helmet":2,"farmersdelight:fried_egg":10,"minecraft:rotten_flesh":9,"farmersdelight:onion":15,"zombie_extreme:butcher_knife":2,"undead_revamp2:arapholia":2,"minecraft:cobblestone":100,"minecraft:birch_log":18,"tac:round45":31,"minecraft:leather_chestplate":1,"minecraft:water_bucket":1,"minecraft:andesite":1,"minecraft:leather":4,"zombie_extreme:wire":11,"farmersdelight:bacon":2,"minecraft:flint":1,"minecraft:oak_log":75,"farmersdelight:cooked_bacon":2,"minecraft:gunpowder":4,"farmersdelight:skillet":1,"zombie_extreme:crowbar":1,"minecraft:dirt":28,"minecraft:paper":2,"zombie_extreme:raw_steel":37,"zombie_extreme:raw_lead":12,"minecraft:leather_boots":2,"minecraft:bone":2,"zombie_extreme:tool_box":1,"minecraft:apple":1,"zombie_extreme:rubber_sheet":1,"minecraft:wheat_seeds":2,"minecraft:stone_pickaxe":2,"minecraft:iron_ingot":1,"zombie_extreme:barbed_fence":1,"minecraft:glass_bottle":2,"minecraft:oak_planks":17,"minecraft:cooked_porkchop":13,"minecraft:gravel":4,"minecraft:dripstone_block":2,"minecraft:spruce_sapling":20,"minecraft:spruce_log":19,"travelersbackpack:standard":2,"minecraft:light_gray_concrete":2,"minecraft:stone_axe":2,"zombie_extreme:raw_thorium":8,"minecraft:oak_sapling":1,"minecraft:bricks":6,"minecraft:coal":36},"minecraft:used":{"zombie_extreme:butcher_knife":43,"farmersdelight:stove":1,"minecraft:chest":2,"minecraft:dirt":5,"minecraft:allium":30,"carryon:entity_item":6,"carryon:tile_item":5,"farmersdelight:cutting_board":1,"undead_revamp2:arapholia":1,"minecraft:water_bucket":6,"farmersdelight:skillet":2,"minecraft:stone_pickaxe":123,"minecraft:glass_bottle":13,"minecraft:oak_planks":1,"minecraft:wooden_pickaxe":15,"zombie_extreme:crowbar":1,"minecraft:oak_slab":6,"minecraft:crafting_table":2,"minecraft:spruce_log":2,"minecraft:apple":1,"minecraft:light_gray_concrete":1,"minecraft:bread":10,"minecraft:iron_pickaxe":116,"zombie_extreme:baseball_bat":7,"minecraft:stone_axe":100,"minecraft:cobblestone":33,"minecraft:potion":14,"travelersbackpack:standard":13,"minecraft:cooked_porkchop":9,"minecraft:bucket":7,"minecraft:andesite":1},"minecraft:broken":{"zombie_extreme:gas_mask_helmet":1}},"DataVersion":2975}