{"stats":{"minecraft:mined":{"minecraft:dark_oak_planks":1,"minecraft:dragon_wall_head":2,"minecraft:spruce_planks":13,"minecraft:stone_pressure_plate":2,"spore:wall_growths":6,"butcher:brownllamahead":1,"minecraft:brewing_stand":2,"minecraft:granite":10,"minecraft:grass_block":31,"minecraft:infested_cobblestone":1,"zombie_extreme:deepslate_lead":13,"spore:fungal_stem":4,"minecraft:light_gray_bed":21,"minecraft:coal_block":30,"tacz:gun_smith_table":2,"minecraft:oak_wall_sign":1,"minecraft:red_stained_glass_pane":1,"minecraft:spawner":9,"minecraft:iron_ore":20,"minecraft:cobbled_deepslate":25,"minecraft:anvil":1,"minecraft:deepslate_lapis_ore":18,"spore:growth_mycelium":4,"minecraft:azure_bluet":1,"minecraft:quartz_slab":4,"minecraft:oak_stairs":3,"minecraft:spruce_wood":61,"minecraft:iron_block":57,"minecraft:tripwire":1,"minecraft:sandstone_slab":3,"minecraft:gray_terracotta":1,"minecraft:cut_sandstone":1,"minecraft:quartz_block":4,"minecraft:cyan_terracotta":2,"minecraft:red_bed":3,"minecraft:chiseled_quartz_block":3,"spore:growths_big":5,"minecraft:torch":20,"minecraft:cobblestone":40,"minecraft:bricks":7,"minecraft:iron_door":3,"minecraft:wall_torch":13,"minecraft:deepslate_copper_ore":14,"spore:fungal_stem_sapling":1,"minecraft:blue_terracotta":1,"minecraft:nether_wart_block":2,"minecraft:mud":1,"minecraft:yellow_wool":2,"minecraft:stone_brick_stairs":8,"minecraft:smooth_stone_slab":4,"minecraft:grass":10,"minecraft:oak_log":10,"minecraft:dirt":231,"minecraft:netherrack":1,"minecraft:deepslate":416,"minecraft:oak_leaves":2,"spore:remains":2,"minecraft:tuff":9,"spore:wall_growths_big":4,"minecraft:quartz_stairs":5,"minecraft:purple_terracotta":2,"minecraft:spruce_fence":15,"minecraft:white_stained_glass":1,"minecraft:spruce_leaves":229,"spore:growths_small":9,"minecraft:sandstone":5,"minecraft:large_fern":1,"minecraft:black_stained_glass_pane":2,"minecraft:furnace":3,"spore:blomfung":2,"minecraft:andesite":49,"minecraft:gold_block":11,"minecraft:bookshelf":2,"minecraft:vine":13,"minecraft:stone":443,"minecraft:white_wool":18,"minecraft:ender_chest":1,"minecraft:podzol":3,"minecraft:glass_pane":6,"minecraft:red_wool":3,"minecraft:stone_brick_slab":1,"minecraft:oak_fence":1,"minecraft:crafting_table":4,"minecraft:sponge":29,"minecraft:tall_grass":2,"minecraft:lapis_ore":3,"minecraft:diorite":17,"minecraft:coarse_dirt":9,"spore:bloomfung2":8,"minecraft:spruce_log":74,"minecraft:birch_leaves":41,"spore:fungal_stem_top":1,"minecraft:coal_ore":38,"minecraft:mycelium":11,"minecraft:gravel":36,"minecraft:cobweb":4,"minecraft:cracked_stone_bricks":4,"minecraft:stone_bricks":6,"minecraft:polished_andesite":2,"minecraft:mossy_stone_bricks":4,"minecraft:fern":3},"minecraft:custom":{"minecraft:interact_with_crafting_table":42,"minecraft:open_barrel":17,"minecraft:leave_game":10,"minecraft:time_since_death":26710,"minecraft:sprint_one_cm":942083,"minecraft:damage_blocked_by_shield":2410,"minecraft:drop":126,"minecraft:talked_to_villager":3,"minecraft:play_time":805971,"minecraft:deaths":4,"minecraft:jump":6033,"minecraft:walk_on_water_one_cm":14108,"minecraft:interact_with_furnace":83,"minecraft:sleep_in_bed":33,"minecraft:open_enderchest":1,"minecraft:damage_dealt":13572,"minecraft:crouch_one_cm":250507,"minecraft:use_cauldron":18,"minecraft:inspect_dispenser":5,"minecraft:inspect_dropper":7,"minecraft:interact_with_anvil":1,"minecraft:mob_kills":108,"minecraft:fill_cauldron":5,"minecraft:interact_with_campfire":16,"minecraft:damage_dealt_resisted":222,"minecraft:climb_one_cm":41711,"minecraft:walk_one_cm":1295997,"minecraft:sneak_time":113978,"minecraft:walk_under_water_one_cm":12101,"minecraft:boat_one_cm":64627,"minecraft:interact_with_blast_furnace":2,"minecraft:total_world_time":805971,"minecraft:time_since_rest":26744,"minecraft:damage_taken":4748,"minecraft:damage_absorbed":118,"minecraft:trigger_trapped_chest":23,"minecraft:swim_one_cm":53349,"minecraft:fly_one_cm":1135447,"minecraft:open_chest":437,"minecraft:fall_one_cm":151738},"minecraft:used":{"minecraft:blue_terracotta":1,"minecraft:oak_sign":1,"minecraft:shield":31,"minecraft:iron_sword":236,"spore:gas_mask":1,"minecraft:tuff":9,"minecraft:spruce_boat":1,"minecraft:quartz_block":1,"minecraft:stone_brick_stairs":2,"minecraft:bow":88,"minecraft:furnace":4,"minecraft:dragon_head":1,"minecraft:stone_pickaxe":1077,"realisticforging:smithing_anvil":1,"minecraft:ender_pearl":1,"minecraft:sandstone":2,"minecraft:diamond_axe":299,"minecraft:white_wool":8,"minecraft:golden_apple":11,"minecraft:sponge":23,"minecraft:chiseled_quartz_block":3,"minecraft:purple_terracotta":2,"butcher:brownllamahead":2,"minecraft:gravel":7,"minecraft:coal_block":3,"minecraft:andesite":26,"minecraft:chain":3,"minecraft:smooth_stone_slab":1,"minecraft:air":8,"minecraft:coarse_dirt":4,"butcher:creamy_llama":1,"tacz:gun_smith_table":3,"minecraft:spruce_planks":25,"minecraft:torch":231,"minecraft:dirt":149,"minecraft:spruce_fence":48,"minecraft:dark_oak_planks":1,"quark:spruce_chest":5,"minecraft:iron_axe":1,"minecraft:oak_stairs":3,"butcher:llamameat":7,"butchersdelightfoods:cooked_llama_leg":1,"minecraft:stone_pressure_plate":2,"minecraft:cooked_beef":10,"minecraft:cobbled_deepslate":263,"minecraft:light_gray_bed":19,"minecraft:cooked_mutton":31,"minecraft:water_bucket":29,"minecraft:glass_bottle":75,"minecraft:polished_andesite":2,"butcher:butchers_knife":48,"spore:living_boots":1,"minecraft:crafting_table":6,"minecraft:red_bed":2,"minecraft:apple":24,"minecraft:diamond_shovel":234,"minecraft:iron_pickaxe":325,"minecraft:spruce_sapling":3,"minecraft:cobblestone":241,"minecraft:potion":76,"minecraft:cooked_porkchop":2,"minecraft:sandstone_slab":4,"minecraft:bucket":30},"minecraft:broken":{"minecraft:stone_pickaxe":5,"minecraft:iron_sword":1},"minecraft:dropped":{"minecraft:glass_bottle":2,"minecraft:flint":1,"minecraft:cyan_terracotta":1,"butcher:sponge":2,"minecraft:dirt":27,"minecraft:stone_button":2,"minecraft:gold_nugget":27,"minecraft:white_wool":2,"minecraft:gold_ingot":3,"minecraft:bone":3,"quark:black_shard":6,"minecraft:gravel":54,"butcher:bloodgrate":1,"minecraft:cobbled_deepslate":22,"minecraft:yellow_wool":2,"minecraft:rotten_flesh":14,"minecraft:cooked_mutton":21,"butcher:creamy_llama_head":1,"minecraft:carrot":1,"minecraft:chainmail_chestplate":1,"minecraft:leather_chestplate":1,"butcher:emptyskinrack":1,"butcher:wet_sponge":1,"minecraft:iron_ingot":3,"butcher:skinning_knife":1,"minecraft:wheat_seeds":9,"butcher:butchers_knife":1,"spore:plated_muscle":1,"minecraft:oak_fence":1,"minecraft:feather":1,"minecraft:cobblestone":20,"minecraft:coal":10,"minecraft:yellow_carpet":2,"minecraft:diorite":17,"minecraft:torch":16,"minecraft:iron_door":1,"minecraft:potion":7,"minecraft:iron_leggings":1,"tacz:modern_kinetic_gun":2,"minecraft:wither_rose":1,"minecraft:iron_axe":1,"minecraft:string":1,"minecraft:spruce_sapling":2,"minecraft:stone_brick_slab":1,"minecraft:coarse_dirt":1,"minecraft:stone_slab":1,"spore:mutated_fiber":7,"minecraft:oak_sign":1,"minecraft:cobblestone_slab":24,"minecraft:gray_terracotta":1,"minecraft:spruce_planks":12,"minecraft:iron_chestplate":2,"minecraft:stone_pickaxe":4,"minecraft:quartz_slab":1},"minecraft:killed":{"zombie_extreme:night_hunter":1,"spore:leaper":1,"undead_revamp2:thesmoker":2,"undead_revamp2:theswarmer":1,"zombie_extreme:clicker":1,"undead_revamp2:therod":1,"spore:inf_wanderer":1,"spore:inf_drowned":1,"spore:inf_villager":6,"minecraft:zombie":18,"spore:inf_human":8,"zombie_extreme:rat_king":1,"undead_revamp2:thehunter":1,"zombie_extreme:faceless":1,"zombie_extreme:revived":2,"zombie_extreme:parasite":1,"undead_revamp2:sucker":4,"alexsmobs:flying_fish":1,"zombie_extreme:crawler":1,"minecraft:husk":17,"zombie_extreme:infected":1,"undead_revamp2:the_moonflower":1,"spore:inf_pillager":5,"undead_revamp2:thesomnolence":4,"spore:inf_witch":1,"spore:inf_husk":1},"minecraft:crafted":{"minecraft:cobblestone_slab":24,"minecraft:chain":3,"realisticforging:chisel":1,"butcher:sponge":4,"minecraft:iron_bars":16,"minecraft:cooked_mutton":1,"realisticforging:smithing_hammer":1,"spore:living_boots":1,"realisticforging:two_sticks":1,"minecraft:water_bucket":5,"butcher:llamameat":7,"minecraft:crafting_table":3,"minecraft:spruce_planks":168,"farmersdelight:iron_knife":1,"butcher:skinning_knife":1,"zombie_extreme:lead_plate":2,"realisticforging:smithing_anvil":1,"realisticforging:hotrawironore":2,"minecraft:stick":92,"minecraft:iron_ingot":180,"spore:plated_muscle":11,"minecraft:iron_block":2,"realisticforging:bigpan":1,"butcher:bloodgrate":1,"minecraft:coal":9,"minecraft:iron_nugget":36,"minecraft:furnace":1,"minecraft:spruce_fence":33,"realisticforging:woodpestle":1,"butchersdelightfoods:cooked_llama_leg":1,"minecraft:stone_pickaxe":16,"butcher:emptyskinrack":1,"spore:gas_mask":1,"minecraft:spruce_boat":1,"quark:spruce_chest":5,"minecraft:red_bed":1,"tacz:gun_smith_table":1,"minecraft:bucket":1,"minecraft:air":0,"minecraft:potion":15,"butcher:hook":1,"realisticforging:blacksmithstongs":1,"minecraft:torch":136},"minecraft:killed_by":{"alexsmobs:murmur_head":1},"minecraft:picked_up":{"spore:mutated_heart":1,"minecraft:iron_chestplate":1,"minecraft:black_carpet":3,"minecraft:anvil":1,"minecraft:yellow_wool":2,"minecraft:stone_slab":1,"minecraft:oak_stairs":3,"minecraft:wither_rose":1,"minecraft:potion":25,"minecraft:stone_brick_stairs":2,"minecraft:string":7,"minecraft:smooth_stone_slab":1,"minecraft:oak_sign":6,"minecraft:cobbled_deepslate":393,"minecraft:spruce_planks":70,"quark:black_shard":6,"minecraft:coal_block":30,"minecraft:furnace":3,"zombie_extreme:raw_aluminum":2,"minecraft:stick":13,"butcher:brownllamahead":2,"spore:plated_muscle":1,"minecraft:oak_fence":1,"minecraft:torch":102,"minecraft:diorite":17,"minecraft:quartz_block":4,"minecraft:light_gray_bed":20,"minecraft:rotten_flesh":26,"minecraft:iron_block":54,"minecraft:cyan_terracotta":1,"realisticforging:raw_iron_ore":52,"minecraft:obsidian":8,"zombie_extreme:juggernaut_suit_chestplate":1,"minecraft:cobblestone":501,"minecraft:sponge":29,"minecraft:leather_chestplate":1,"minecraft:iron_door":2,"minecraft:andesite":39,"minecraft:chiseled_quartz_block":3,"minecraft:flint":4,"minecraft:tuff":9,"minecraft:lapis_lazuli":148,"minecraft:dirt":231,"minecraft:bone":9,"minecraft:gray_terracotta":1,"minecraft:wheat_seeds":9,"tacz:gun_smith_table":2,"spore:cerebrum":4,"spore:claw_fragment":3,"minecraft:polished_andesite":2,"minecraft:blue_terracotta":1,"minecraft:yellow_carpet":2,"minecraft:granite":10,"minecraft:bricks":7,"butcher:rawllamameat":7,"minecraft:crafting_table":5,"minecraft:coarse_dirt":8,"minecraft:sandstone_slab":4,"minecraft:gold_block":11,"minecraft:dragon_head":2,"minecraft:red_bed":1,"minecraft:quartz_slab":6,"butcher:sponge":2,"minecraft:quartz_stairs":4,"minecraft:birch_sapling":3,"minecraft:sandstone":2,"minecraft:copper_ingot":1,"minecraft:spruce_fence":15,"minecraft:stone_button":2,"minecraft:carrot":1,"minecraft:redstone":1,"minecraft:stone_pressure_plate":2,"minecraft:purple_terracotta":2,"minecraft:dark_oak_planks":1,"spore:tendons":3,"minecraft:white_wool":10,"butcher:butchers_knife":1,"minecraft:oak_log":9,"minecraft:gunpowder":4,"realisticforging:copperore":39,"zombie_extreme:raw_lead":13,"minecraft:spruce_wood":62,"minecraft:iron_ingot":1,"minecraft:stone_pickaxe":1,"spore:mutated_fiber":55,"butcher:creamy_llama_head":1,"minecraft:stone_brick_slab":1,"minecraft:red_wool":3,"minecraft:gravel":66,"minecraft:spruce_sapling":12,"minecraft:spruce_log":42,"butcher:wet_sponge":1,"minecraft:slime_ball":4,"tacz:modern_kinetic_gun":4,"minecraft:gray_wool":1,"minecraft:black_wool":12,"minecraft:coal":46}},"DataVersion":3465}