{"stat.chestOpened":31,"stat.pickup.mw.swat_helmet":1,"stat.leaveGame":5,"stat.drop.mw.g43_gewehr":1,"stat.drop.mw.m1941_johnson_rifle":1,"stat.jump":586,"stat.swimOneCm":800,"stat.useItem.mw.m712":39,"stat.fallOneCm":6904,"stat.climbOneCm":581,"stat.drop.mw.m249":1,"stat.drop.mw.dp28":1,"stat.pickup.mw.g43_gewehr_mag":83,"stat.crouchOneCm":11009,"stat.pickup.mw.m712mag_2":30,"stat.pickup.mw.g43_gewehr":2,"stat.pickup.minecraft.dirt":30,"stat.useItem.minecraft.dirt":4,"stat.useItem.minecraft.stone_slab2":11,"stat.drop.mw.stg44":1,"stat.pickup.mw.krag_jorgensen":1,"stat.pickup.mw.m67frag":1,"stat.damageTaken":2991,"stat.pickup.mw.m712":1,"stat.drop.mw.m1897":1,"stat.pickup.mw.spec_ops_chest":1,"stat.pickup.mw.stg44":1,"stat.pickup.mw.mp40mag_2":18,"stat.pickup.mw.mp43e":1,"stat.flyOneCm":76086,"stat.pickup.minecraft.wheat_seeds":4,"stat.pickup.mw.blackjeans_boots":1,"stat.pickup.mw.m1897":1,"stat.pickup.mw.mp5a5":1,"stat.useItem.mw.mp40":165,"stat.timeSinceDeath":7417,"stat.mineBlock.minecraft.dirt":2,"stat.drop.mw.mp43e":1,"stat.walkOneCm":146093,"stat.pickup.minecraft.golden_apple":127,"stat.playerKills":1,"stat.pickup.mw.bullet792x57":128,"stat.pickup.mw.usmc_vest_black":1,"stat.pickup.mw.m18white":2,"stat.drop.mw.m1873":1,"stat.useItem.mw.mp40mag_2":2,"stat.drop.mw.izhmash_ak12":1,"stat.pickup.minecraft.string":3,"stat.pickup.mw.dp28":1,"stat.useItem.mw.kar98k":300,"stat.pickup.mw.bren_mkii":1,"stat.pickup.mw.m16a4":1,"stat.useItem.mw.usmc_vest_black":2,"stat.pickup.mw.m249":1,"stat.sprintOneCm":24180,"stat.drop.mw.bren_mkii":1,"stat.mobKills":1,"stat.useItem.minecraft.golden_apple":34,"stat.deaths":4,"stat.drop":11,"stat.playOneMinute":81335,"stat.killEntity.Sheep":1,"stat.sneakTime":5023,"stat.drop.mw.m16a4":1,"stat.useItem.mw.g43_gewehr":62,"stat.mineBlock.minecraft.tallgrass":3}