{"stats":{"minecraft:dropped":{"minecraft:glass_bottle":1},"minecraft:picked_up":{"minecraft:potion":1,"minecraft:purple_terracotta":2},"minecraft:used":{"minecraft:potion":6,"minecraft:glass_bottle":5,"minecraft:iron_pickaxe":11,"minecraft:purple_terracotta":2,"minecraft:cooked_beef":3,"minecraft:iron_sword":12},"minecraft:custom":{"minecraft:open_barrel":4,"minecraft:time_since_rest":25473,"minecraft:open_chest":17,"minecraft:play_time":25473,"minecraft:crouch_one_cm":1359,"minecraft:sprint_one_cm":50888,"minecraft:interact_with_furnace":2,"minecraft:inspect_dropper":7,"minecraft:damage_taken":178,"minecraft:walk_one_cm":61852,"minecraft:sneak_time":633,"minecraft:drop":1,"minecraft:jump":323,"minecraft:leave_game":2,"minecraft:walk_on_water_one_cm":251,"minecraft:time_since_death":25473,"minecraft:total_world_time":25473,"minecraft:climb_one_cm":2552,"minecraft:use_cauldron":1,"minecraft:fall_one_cm":7005,"minecraft:fly_one_cm":46075},"minecraft:mined":{"minecraft:grass":3,"minecraft:purple_terracotta":2,"minecraft:spruce_leaves":16,"minecraft:oak_leaves":2,"minecraft:smooth_stone_slab":2,"minecraft:spawner":5}},"DataVersion":3465}