{"stat.walkOneCm":302596,"stat.pickup.minecraft.golden_apple":64,"stat.drop.mw.m134":1,"stat.playerKills":41,"stat.pickup.mw.bullet792x57":64,"stat.pickup.mw.quad_barrel_shotgun":1,"stat.drop.mw.srs99":1,"stat.useItem.minecraft.stone":109,"stat.leaveGame":2,"stat.pickup.minecraft.arrow":2,"stat.pickup.mw.m134":1,"stat.killEntity.ZombieVillager":1,"stat.useItem.mw.tablet":2,"stat.killEntity.Creeper":1,"stat.pickup.mw.vss_vintorez":2,"stat.pickup.mw.m1911":1,"stat.pickup.mw.bullet8x58":379,"stat.jump":2105,"stat.swimOneCm":6680,"stat.pickup.mw.m1928mag":2,"stat.fallOneCm":57265,"stat.drop.mw.tablet":1,"stat.drop.mw.hecu_vest":1,"stat.pickup.minecraft.stone":256,"stat.crouchOneCm":68729,"stat.drop.mw.kar98k":1,"stat.pickup.mw.g43_gewehr":1,"stat.drop.mw.bfg_9000":3,"stat.sprintOneCm":152498,"stat.useItem.minecraft.stone_slab2":2,"stat.killEntity.bandit1":6,"stat.useItem.mw.fort_armor":1,"stat.useItem.mw.quad_barrel_shotgun":56,"stat.pickup.mw.tablet":1,"stat.drop.mw.m1_garand":1,"stat.entityKilledBy.bandit1":2,"stat.pickup.mw.wcam":1,"stat.killEntity.Skeleton":1,"stat.drop.mw.vss_vintorez":1,"stat.killEntity.Horse":4,"stat.useItem.mw.krag_jorgensen":537,"stat.drop.mw.m712":1,"stat.pickup.mw.bfg_9000":2,"stat.pickup.mw.srs99":1,"stat.pickup.mw.m1_garand":1,"stat.damageTaken":19492,"stat.killEntity.Spider":1,"stat.pickup.mw.m1941_johnson":1,"stat.drop.mw.quad_barrel_shotgun":1,"stat.useItem.mw.leupoldrailscope":2,"stat.mobKills":25,"stat.pickup.mw.mp40mag_2":1,"stat.useItem.minecraft.golden_apple":43,"stat.flyOneCm":376198,"stat.deaths":47,"stat.drop":15,"stat.pickup.minecraft.egg":1,"stat.playOneMinute":135263,"stat.killEntity.Sheep":2,"stat.pickup.minecraft.red_flower":1,"stat.useItem.minecraft.cooked_beef":5,"stat.drop.mw.ntw_20":1,"stat.sneakTime":29706,"stat.drop.mw.wcam":1,"stat.damageDealt":148,"stat.killEntity.Zombie":2,"stat.drop.mw.m41a":1,"stat.timeSinceDeath":774,"stat.pickup.mw.ntw_20":1,"stat.pickup.mw.makarov_pm":1,"stat.pickup.mw.springfield":1,"stat.mineBlock.minecraft.tallgrass":2,"stat.diveOneCm":6796,"stat.useItem.mw.hecu_vest":4}