{"stats":{"minecraft:dropped":{"minecraft:glass_bottle":1,"spore:plated_muscle":1,"minecraft:cobblestone":19,"minecraft:cobblestone_slab":24,"minecraft:diorite":17,"minecraft:torch":8,"minecraft:potion":1,"minecraft:stone_pickaxe":2},"minecraft:used":{"minecraft:cooked_mutton":2,"minecraft:glass_bottle":9,"minecraft:stone_pickaxe":221,"minecraft:iron_sword":12,"minecraft:diamond_axe":182,"minecraft:torch":54,"minecraft:golden_apple":4,"minecraft:dirt":29,"minecraft:crafting_table":1,"minecraft:red_bed":2,"minecraft:purple_terracotta":2,"minecraft:spruce_fence":2,"quark:spruce_chest":4,"minecraft:iron_axe":1,"minecraft:iron_pickaxe":244,"minecraft:cobblestone":9,"minecraft:potion":10,"minecraft:andesite":26,"minecraft:cooked_beef":4},"minecraft:crafted":{"minecraft:cobblestone_slab":24,"minecraft:spruce_planks":40,"minecraft:red_bed":1,"minecraft:stick":20,"minecraft:stone_pickaxe":4,"quark:spruce_chest":4,"minecraft:torch":64},"minecraft:killed":{"fight_or_die:springer":1,"spore:inf_wanderer":1,"undead_revamp2:theswarmer":1,"minecraft:zombie":3,"spore:inf_human":1,"zombie_extreme:rat_king":1},"minecraft:picked_up":{"minecraft:crafting_table":2,"minecraft:black_carpet":3,"minecraft:andesite":39,"minecraft:potion":3,"minecraft:dirt":29,"minecraft:red_bed":1,"minecraft:bone":1,"minecraft:spruce_planks":28,"minecraft:spruce_wood":26,"minecraft:stone_pickaxe":1,"minecraft:quartz_stairs":3,"minecraft:stick":6,"spore:plated_muscle":1,"minecraft:red_wool":3,"minecraft:torch":1,"minecraft:spruce_fence":2,"minecraft:gravel":2,"minecraft:spruce_sapling":4,"minecraft:diorite":17,"minecraft:spruce_log":19,"minecraft:purple_terracotta":2,"minecraft:granite":10,"minecraft:iron_block":5,"realisticforging:raw_iron_ore":52,"minecraft:coal":41,"minecraft:cobblestone":299},"minecraft:custom":{"minecraft:interact_with_furnace":3,"minecraft:inspect_dropper":7,"minecraft:mob_kills":8,"minecraft:interact_with_crafting_table":4,"minecraft:open_barrel":4,"minecraft:interact_with_campfire":1,"minecraft:leave_game":4,"minecraft:time_since_death":33180,"minecraft:sleep_in_bed":6,"minecraft:climb_one_cm":3722,"minecraft:time_since_rest":5760,"minecraft:sprint_one_cm":166473,"minecraft:walk_one_cm":243248,"minecraft:damage_taken":792,"minecraft:trigger_trapped_chest":4,"minecraft:drop":16,"minecraft:damage_dealt":522,"minecraft:talked_to_villager":1,"minecraft:fly_one_cm":154272,"minecraft:open_chest":37,"minecraft:crouch_one_cm":24202,"minecraft:play_time":109069,"minecraft:deaths":1,"minecraft:sneak_time":9960,"minecraft:walk_under_water_one_cm":987,"minecraft:boat_one_cm":7876,"minecraft:jump":1164,"minecraft:walk_on_water_one_cm":1240,"minecraft:total_world_time":109069,"minecraft:fall_one_cm":29255,"minecraft:use_cauldron":4},"minecraft:broken":{"minecraft:stone_pickaxe":1},"minecraft:killed_by":{"apollyon:the_damned":1},"minecraft:mined":{"minecraft:spruce_planks":1,"minecraft:quartz_stairs":4,"minecraft:red_wool":3,"minecraft:red_bed":3,"minecraft:brewing_stand":2,"minecraft:crafting_table":1,"minecraft:granite":10,"minecraft:purple_terracotta":2,"minecraft:spruce_fence":2,"minecraft:grass_block":2,"minecraft:tall_grass":2,"minecraft:cobblestone":5,"minecraft:spruce_leaves":105,"minecraft:diorite":17,"minecraft:wall_torch":1,"minecraft:spawner":5,"minecraft:iron_ore":20,"minecraft:spruce_log":49,"minecraft:andesite":39,"minecraft:smooth_stone_slab":2,"minecraft:grass":3,"minecraft:bookshelf":2,"minecraft:coal_ore":38,"minecraft:vine":2,"minecraft:gravel":10,"minecraft:dirt":27,"minecraft:spruce_wood":25,"minecraft:stone":290,"minecraft:iron_block":5,"minecraft:oak_leaves":2}},"DataVersion":3465}