{"stats":{"minecraft:crafted":{"minecraft:cobblestone_slab":24,"minecraft:crafting_table":1,"minecraft:spruce_planks":80,"minecraft:red_bed":1,"tacz:gun_smith_table":1,"minecraft:spruce_fence":33,"realisticforging:two_sticks":1,"minecraft:stick":48,"minecraft:iron_ingot":36,"minecraft:stone_pickaxe":4,"quark:spruce_chest":4,"minecraft:torch":64},"minecraft:picked_up":{"minecraft:leather_chestplate":1,"minecraft:crafting_table":3,"minecraft:black_carpet":3,"minecraft:iron_door":1,"minecraft:andesite":39,"minecraft:potion":5,"minecraft:dragon_head":1,"minecraft:stone_brick_stairs":2,"minecraft:string":1,"minecraft:dirt":29,"minecraft:red_bed":1,"minecraft:bone":1,"minecraft:spruce_planks":28,"minecraft:spruce_wood":48,"minecraft:stone_pickaxe":1,"tacz:gun_smith_table":2,"minecraft:quartz_stairs":3,"minecraft:stick":11,"spore:plated_muscle":1,"minecraft:oak_fence":1,"minecraft:torch":2,"minecraft:red_wool":3,"minecraft:spruce_fence":6,"minecraft:gravel":2,"minecraft:spruce_sapling":7,"minecraft:diorite":17,"minecraft:spruce_log":42,"minecraft:purple_terracotta":2,"minecraft:light_gray_bed":3,"minecraft:rotten_flesh":2,"tacz:modern_kinetic_gun":1,"minecraft:granite":10,"minecraft:iron_block":46,"realisticforging:raw_iron_ore":52,"minecraft:coal":41,"minecraft:cobblestone":313},"minecraft:custom":{"minecraft:interact_with_furnace":4,"minecraft:inspect_dropper":7,"minecraft:mob_kills":17,"minecraft:interact_with_crafting_table":8,"minecraft:open_barrel":5,"minecraft:interact_with_campfire":3,"minecraft:damage_dealt_resisted":18,"minecraft:leave_game":5,"minecraft:time_since_death":110442,"minecraft:sleep_in_bed":9,"minecraft:climb_one_cm":7161,"minecraft:time_since_rest":6882,"minecraft:sprint_one_cm":266638,"minecraft:damage_taken":1104,"minecraft:walk_one_cm":359163,"minecraft:damage_blocked_by_shield":270,"minecraft:trigger_trapped_chest":6,"minecraft:drop":23,"minecraft:damage_dealt":1152,"minecraft:talked_to_villager":3,"minecraft:fly_one_cm":262159,"minecraft:open_chest":45,"minecraft:crouch_one_cm":37814,"minecraft:play_time":186331,"minecraft:deaths":1,"minecraft:sneak_time":16487,"minecraft:walk_under_water_one_cm":987,"minecraft:boat_one_cm":7876,"minecraft:jump":1738,"minecraft:interact_with_blast_furnace":1,"minecraft:walk_on_water_one_cm":3513,"minecraft:total_world_time":186331,"minecraft:fall_one_cm":43864,"minecraft:use_cauldron":4},"minecraft:killed_by":{"apollyon:the_damned":1},"minecraft:killed":{"fight_or_die:springer":1,"minecraft:husk":1,"spore:inf_wanderer":1,"undead_revamp2:theswarmer":1,"spore:inf_pillager":2,"spore:inf_villager":1,"minecraft:zombie":6,"spore:inf_human":2,"undead_revamp2:sucker":1,"zombie_extreme:rat_king":1},"minecraft:used":{"minecraft:cooked_mutton":4,"minecraft:glass_bottle":11,"minecraft:stone_pickaxe":284,"tacz:gun_smith_table":3,"minecraft:shield":4,"minecraft:iron_sword":16,"minecraft:diamond_axe":244,"minecraft:torch":58,"minecraft:golden_apple":5,"minecraft:dirt":29,"minecraft:crafting_table":3,"minecraft:red_bed":2,"minecraft:purple_terracotta":2,"minecraft:spruce_fence":39,"minecraft:apple":9,"quark:spruce_chest":4,"minecraft:iron_axe":1,"minecraft:iron_pickaxe":252,"minecraft:bow":33,"minecraft:cobblestone":23,"minecraft:potion":13,"minecraft:andesite":26,"minecraft:cooked_beef":4,"minecraft:light_gray_bed":2},"minecraft:mined":{"minecraft:dragon_wall_head":1,"minecraft:spruce_planks":1,"minecraft:glass_pane":3,"minecraft:quartz_stairs":4,"minecraft:red_wool":3,"minecraft:red_bed":3,"minecraft:torch":1,"minecraft:brewing_stand":2,"minecraft:oak_fence":1,"minecraft:crafting_table":2,"minecraft:granite":10,"minecraft:purple_terracotta":2,"minecraft:grass_block":3,"minecraft:spruce_fence":6,"minecraft:light_gray_bed":3,"minecraft:cobblestone":15,"minecraft:tall_grass":2,"minecraft:spruce_leaves":167,"tacz:gun_smith_table":2,"minecraft:diorite":17,"minecraft:iron_door":2,"minecraft:wall_torch":1,"minecraft:spawner":5,"minecraft:iron_ore":20,"minecraft:birch_leaves":1,"minecraft:spruce_log":74,"minecraft:andesite":39,"minecraft:stone_brick_stairs":2,"minecraft:smooth_stone_slab":2,"minecraft:grass":5,"minecraft:bookshelf":2,"minecraft:coal_ore":38,"minecraft:vine":6,"minecraft:gravel":10,"minecraft:dirt":27,"minecraft:spruce_wood":47,"minecraft:stone":296,"minecraft:iron_block":49,"spore:remains":1,"minecraft:oak_leaves":2},"minecraft:dropped":{"minecraft:iron_ingot":3,"minecraft:glass_bottle":1,"spore:plated_muscle":1,"minecraft:cobblestone":19,"minecraft:cooked_mutton":21,"minecraft:leather_chestplate":1,"minecraft:cobblestone_slab":24,"minecraft:diorite":17,"minecraft:torch":8,"minecraft:iron_door":1,"minecraft:potion":1,"minecraft:iron_axe":1,"minecraft:stone_pickaxe":2},"minecraft:broken":{"minecraft:stone_pickaxe":1}},"DataVersion":3465}