{"stat.chestOpened":19,"stat.pickup.mw.swat_helmet":1,"stat.leaveGame":4,"stat.drop.mw.g43_gewehr":1,"stat.drop.mw.m1941_johnson_rifle":1,"stat.jump":85,"stat.fallOneCm":745,"stat.drop.mw.m249":1,"stat.drop.mw.dp28":1,"stat.pickup.mw.g43_gewehr_mag":83,"stat.crouchOneCm":1919,"stat.pickup.mw.m712mag_2":30,"stat.pickup.mw.g43_gewehr":2,"stat.pickup.minecraft.dirt":11,"stat.useItem.minecraft.stone_slab2":10,"stat.drop.mw.stg44":1,"stat.pickup.mw.krag_jorgensen":1,"stat.pickup.mw.m67frag":1,"stat.damageTaken":300,"stat.pickup.mw.m712":1,"stat.drop.mw.m1897":1,"stat.pickup.mw.spec_ops_chest":1,"stat.pickup.mw.stg44":1,"stat.pickup.mw.mp43e":1,"stat.flyOneCm":23290,"stat.pickup.mw.blackjeans_boots":1,"stat.pickup.mw.m1897":1,"stat.pickup.mw.mp5a5":1,"stat.timeSinceDeath":1576,"stat.drop.mw.mp43e":1,"stat.walkOneCm":30048,"stat.pickup.minecraft.golden_apple":127,"stat.pickup.mw.usmc_vest_black":1,"stat.pickup.mw.m18white":2,"stat.drop.mw.m1873":1,"stat.drop.mw.izhmash_ak12":1,"stat.pickup.minecraft.string":2,"stat.pickup.mw.dp28":1,"stat.pickup.mw.bren_mkii":1,"stat.pickup.mw.m16a4":1,"stat.useItem.mw.usmc_vest_black":2,"stat.pickup.mw.m249":1,"stat.sprintOneCm":7604,"stat.drop.mw.bren_mkii":1,"stat.useItem.minecraft.golden_apple":2,"stat.deaths":1,"stat.drop":11,"stat.playOneMinute":53562,"stat.sneakTime":571,"stat.drop.mw.m16a4":1}