{"stats":{"minecraft:broken":{"minecraft:stone_pickaxe":5,"minecraft:iron_sword":1},"minecraft:crafted":{"minecraft:cobblestone_slab":24,"minecraft:chain":3,"realisticforging:chisel":1,"butcher:sponge":4,"minecraft:iron_bars":16,"minecraft:cooked_mutton":1,"realisticforging:smithing_hammer":1,"spore:living_boots":1,"realisticforging:two_sticks":1,"minecraft:water_bucket":3,"butcher:llamameat":7,"minecraft:crafting_table":3,"minecraft:spruce_planks":168,"farmersdelight:iron_knife":1,"butcher:skinning_knife":1,"zombie_extreme:lead_plate":2,"realisticforging:smithing_anvil":1,"realisticforging:hotrawironore":2,"minecraft:stick":88,"minecraft:iron_ingot":180,"spore:plated_muscle":11,"realisticforging:bigpan":1,"butcher:bloodgrate":1,"minecraft:iron_nugget":36,"minecraft:furnace":1,"minecraft:spruce_fence":33,"realisticforging:woodpestle":1,"butchersdelightfoods:cooked_llama_leg":1,"minecraft:stone_pickaxe":16,"butcher:emptyskinrack":1,"spore:gas_mask":1,"minecraft:spruce_boat":1,"quark:spruce_chest":5,"minecraft:red_bed":1,"tacz:gun_smith_table":1,"minecraft:bucket":1,"minecraft:air":0,"minecraft:potion":12,"butcher:hook":1,"realisticforging:blacksmithstongs":1,"minecraft:torch":120},"minecraft:dropped":{"minecraft:glass_bottle":2,"minecraft:flint":1,"minecraft:cyan_terracotta":1,"butcher:sponge":2,"minecraft:dirt":26,"minecraft:stone_button":2,"minecraft:white_wool":2,"minecraft:bone":3,"quark:black_shard":2,"minecraft:gravel":54,"butcher:bloodgrate":1,"minecraft:yellow_wool":2,"minecraft:rotten_flesh":9,"minecraft:cooked_mutton":21,"butcher:creamy_llama_head":1,"minecraft:carrot":1,"minecraft:chainmail_chestplate":1,"minecraft:leather_chestplate":1,"butcher:emptyskinrack":1,"fight_or_die:ripping_flesh":2,"butcher:wet_sponge":1,"minecraft:iron_ingot":3,"butcher:skinning_knife":1,"minecraft:wheat_seeds":9,"butcher:butchers_knife":1,"spore:plated_muscle":1,"minecraft:oak_fence":1,"minecraft:feather":1,"minecraft:cobblestone":20,"minecraft:diorite":17,"minecraft:torch":16,"minecraft:iron_door":1,"minecraft:potion":7,"minecraft:iron_leggings":1,"tacz:modern_kinetic_gun":2,"minecraft:wither_rose":1,"minecraft:iron_axe":1,"minecraft:spruce_sapling":1,"minecraft:stone_brick_slab":1,"minecraft:stone_slab":1,"spore:mutated_fiber":7,"minecraft:cobblestone_slab":24,"minecraft:gray_terracotta":1,"minecraft:spruce_planks":12,"minecraft:iron_chestplate":2,"minecraft:stone_pickaxe":4,"minecraft:quartz_slab":1},"minecraft:used":{"minecraft:oak_sign":1,"minecraft:shield":26,"minecraft:iron_sword":236,"spore:gas_mask":1,"minecraft:tuff":9,"minecraft:spruce_boat":1,"minecraft:quartz_block":1,"minecraft:stone_brick_stairs":2,"minecraft:bow":81,"minecraft:furnace":4,"minecraft:dragon_head":1,"minecraft:stone_pickaxe":1072,"realisticforging:smithing_anvil":1,"minecraft:sandstone":2,"minecraft:diamond_axe":299,"minecraft:white_wool":8,"minecraft:golden_apple":7,"minecraft:sponge":23,"minecraft:chiseled_quartz_block":3,"minecraft:purple_terracotta":2,"butcher:brownllamahead":2,"minecraft:gravel":7,"minecraft:andesite":26,"minecraft:chain":3,"minecraft:air":7,"minecraft:coarse_dirt":2,"butcher:creamy_llama":1,"tacz:gun_smith_table":3,"minecraft:spruce_planks":25,"minecraft:torch":216,"minecraft:dirt":120,"minecraft:spruce_fence":48,"minecraft:dark_oak_planks":1,"quark:spruce_chest":5,"minecraft:iron_axe":1,"minecraft:oak_stairs":3,"butcher:llamameat":7,"butchersdelightfoods:cooked_llama_leg":1,"minecraft:stone_pressure_plate":2,"minecraft:cooked_beef":4,"minecraft:cobbled_deepslate":236,"minecraft:light_gray_bed":17,"minecraft:cooked_mutton":26,"minecraft:water_bucket":18,"minecraft:glass_bottle":57,"butcher:butchers_knife":4,"spore:living_boots":1,"minecraft:crafting_table":6,"minecraft:red_bed":2,"minecraft:apple":24,"minecraft:diamond_shovel":218,"minecraft:iron_pickaxe":252,"minecraft:spruce_sapling":3,"minecraft:cobblestone":218,"minecraft:potion":58,"minecraft:cooked_porkchop":2,"minecraft:sandstone_slab":4,"minecraft:bucket":19},"minecraft:mined":{"minecraft:dark_oak_planks":1,"minecraft:dragon_wall_head":1,"minecraft:spruce_planks":13,"minecraft:stone_pressure_plate":2,"spore:wall_growths":6,"butcher:brownllamahead":1,"minecraft:brewing_stand":2,"minecraft:granite":10,"minecraft:grass_block":22,"minecraft:infested_cobblestone":1,"zombie_extreme:deepslate_lead":13,"spore:fungal_stem":4,"minecraft:light_gray_bed":19,"minecraft:coal_block":5,"tacz:gun_smith_table":2,"minecraft:oak_wall_sign":1,"minecraft:red_stained_glass_pane":1,"minecraft:spawner":6,"fight_or_die:blood_splash1":1,"minecraft:iron_ore":20,"minecraft:cobbled_deepslate":25,"minecraft:deepslate_lapis_ore":18,"spore:growth_mycelium":4,"minecraft:azure_bluet":1,"minecraft:quartz_slab":4,"minecraft:oak_stairs":3,"minecraft:spruce_wood":61,"minecraft:iron_block":57,"minecraft:sandstone_slab":3,"minecraft:gray_terracotta":1,"minecraft:cut_sandstone":1,"minecraft:quartz_block":4,"minecraft:cyan_terracotta":1,"minecraft:red_bed":3,"minecraft:chiseled_quartz_block":3,"spore:growths_big":5,"minecraft:torch":17,"minecraft:cobblestone":39,"minecraft:bricks":7,"minecraft:iron_door":3,"minecraft:wall_torch":12,"minecraft:deepslate_copper_ore":14,"spore:fungal_stem_sapling":1,"minecraft:mud":1,"minecraft:yellow_wool":2,"minecraft:stone_brick_stairs":2,"minecraft:smooth_stone_slab":2,"minecraft:grass":10,"minecraft:oak_log":10,"minecraft:dirt":217,"minecraft:deepslate":416,"minecraft:oak_leaves":2,"spore:remains":1,"minecraft:tuff":9,"spore:wall_growths_big":4,"minecraft:quartz_stairs":5,"minecraft:purple_terracotta":2,"minecraft:spruce_fence":15,"minecraft:spruce_leaves":226,"spore:growths_small":9,"minecraft:sandstone":5,"minecraft:large_fern":1,"minecraft:black_stained_glass_pane":2,"minecraft:furnace":3,"spore:blomfung":2,"minecraft:andesite":49,"minecraft:bookshelf":2,"minecraft:vine":10,"minecraft:stone":440,"minecraft:white_wool":18,"minecraft:ender_chest":1,"minecraft:podzol":3,"minecraft:glass_pane":3,"minecraft:red_wool":3,"minecraft:stone_brick_slab":1,"minecraft:oak_fence":1,"minecraft:crafting_table":4,"minecraft:sponge":29,"minecraft:tall_grass":2,"minecraft:lapis_ore":3,"minecraft:diorite":17,"minecraft:coarse_dirt":7,"spore:bloomfung2":8,"minecraft:spruce_log":74,"minecraft:birch_leaves":41,"fight_or_die:blood_splash2":3,"spore:fungal_stem_top":1,"minecraft:coal_ore":38,"minecraft:mycelium":11,"minecraft:gravel":36,"minecraft:cobweb":4,"minecraft:fern":3},"minecraft:killed_by":{"alexsmobs:murmur_head":1,"apollyon:the_damned":1,"cave_dweller:cave_dweller":1},"minecraft:picked_up":{"spore:mutated_heart":1,"minecraft:iron_chestplate":1,"minecraft:black_carpet":3,"minecraft:yellow_wool":2,"minecraft:stone_slab":1,"minecraft:oak_stairs":3,"minecraft:wither_rose":1,"minecraft:potion":25,"minecraft:stone_brick_stairs":2,"minecraft:string":5,"minecraft:oak_sign":5,"minecraft:cobbled_deepslate":371,"minecraft:spruce_planks":70,"quark:black_shard":2,"minecraft:coal_block":5,"minecraft:furnace":3,"zombie_extreme:raw_aluminum":2,"minecraft:stick":13,"butcher:brownllamahead":2,"spore:plated_muscle":1,"minecraft:oak_fence":1,"minecraft:torch":98,"minecraft:diorite":17,"minecraft:quartz_block":4,"minecraft:light_gray_bed":18,"minecraft:rotten_flesh":21,"minecraft:iron_block":54,"minecraft:cyan_terracotta":1,"realisticforging:raw_iron_ore":52,"minecraft:obsidian":8,"zombie_extreme:juggernaut_suit_chestplate":1,"minecraft:cobblestone":499,"minecraft:sponge":29,"minecraft:leather_chestplate":1,"minecraft:iron_door":2,"minecraft:andesite":39,"minecraft:chiseled_quartz_block":3,"minecraft:flint":4,"minecraft:tuff":9,"minecraft:lapis_lazuli":148,"minecraft:dirt":211,"minecraft:bone":9,"minecraft:gray_terracotta":1,"minecraft:wheat_seeds":9,"tacz:gun_smith_table":2,"spore:cerebrum":3,"spore:claw_fragment":3,"minecraft:granite":10,"minecraft:bricks":7,"butcher:rawllamameat":7,"minecraft:crafting_table":5,"minecraft:coarse_dirt":6,"minecraft:sandstone_slab":4,"minecraft:dragon_head":1,"minecraft:red_bed":1,"minecraft:quartz_slab":6,"butcher:sponge":2,"minecraft:quartz_stairs":4,"minecraft:birch_sapling":3,"fight_or_die:ripping_flesh":11,"minecraft:sandstone":2,"fight_or_die:rotten_brain":2,"minecraft:copper_ingot":1,"minecraft:spruce_fence":15,"minecraft:stone_button":2,"minecraft:carrot":1,"minecraft:redstone":1,"minecraft:stone_pressure_plate":2,"minecraft:purple_terracotta":2,"minecraft:dark_oak_planks":1,"spore:tendons":3,"minecraft:white_wool":10,"butcher:butchers_knife":1,"minecraft:oak_log":9,"minecraft:gunpowder":2,"realisticforging:copperore":39,"zombie_extreme:raw_lead":13,"minecraft:spruce_wood":62,"minecraft:iron_ingot":1,"minecraft:stone_pickaxe":1,"spore:mutated_fiber":55,"butcher:creamy_llama_head":1,"minecraft:stone_brick_slab":1,"minecraft:red_wool":3,"minecraft:gravel":66,"minecraft:spruce_sapling":11,"minecraft:spruce_log":42,"butcher:wet_sponge":1,"minecraft:slime_ball":4,"tacz:modern_kinetic_gun":4,"minecraft:gray_wool":1,"minecraft:black_wool":12,"minecraft:coal":41},"minecraft:killed":{"fight_or_die:springer":2,"zombie_extreme:night_hunter":1,"spore:leaper":1,"undead_revamp2:thesmoker":2,"undead_revamp2:theswarmer":1,"zombie_extreme:clicker":1,"fight_or_die:mutated_fox":1,"undead_revamp2:therod":1,"spore:inf_wanderer":1,"fight_or_die:mutated_cow":2,"spore:inf_drowned":1,"fight_or_die:mutated_villager":3,"spore:inf_villager":5,"minecraft:zombie":12,"spore:inf_human":8,"fight_or_die:mutated_player":3,"apollyon:the_damned":2,"zombie_extreme:rat_king":1,"fight_or_die:mutated_human_head":2,"undead_revamp2:thehunter":1,"fight_or_die:mutated_pig":1,"zombie_extreme:faceless":1,"zombie_extreme:revived":1,"fight_or_die:shiller":1,"fight_or_die:mutated_human":5,"zombie_extreme:parasite":1,"undead_revamp2:sucker":1,"alexsmobs:flying_fish":1,"fight_or_die:mutated_villager_head":1,"zombie_extreme:crawler":1,"minecraft:husk":17,"zombie_extreme:infected":1,"undead_revamp2:the_moonflower":1,"spore:inf_pillager":5,"undead_revamp2:thesomnolence":4,"spore:inf_witch":1,"spore:inf_husk":1},"minecraft:custom":{"minecraft:interact_with_crafting_table":40,"minecraft:open_barrel":17,"minecraft:leave_game":9,"minecraft:time_since_death":122507,"minecraft:sprint_one_cm":736323,"minecraft:damage_blocked_by_shield":2110,"minecraft:drop":104,"minecraft:talked_to_villager":3,"minecraft:play_time":698189,"minecraft:deaths":3,"minecraft:jump":4616,"minecraft:walk_on_water_one_cm":13898,"minecraft:interact_with_furnace":69,"minecraft:sleep_in_bed":29,"minecraft:open_enderchest":1,"minecraft:damage_dealt":11817,"minecraft:crouch_one_cm":228363,"minecraft:use_cauldron":14,"minecraft:inspect_dispenser":3,"minecraft:inspect_dropper":7,"minecraft:mob_kills":97,"minecraft:fill_cauldron":4,"minecraft:interact_with_campfire":16,"minecraft:damage_dealt_resisted":222,"minecraft:climb_one_cm":26749,"minecraft:walk_one_cm":1112633,"minecraft:sneak_time":102783,"minecraft:walk_under_water_one_cm":12101,"minecraft:boat_one_cm":64627,"minecraft:interact_with_blast_furnace":1,"minecraft:total_world_time":698189,"minecraft:time_since_rest":2679,"minecraft:damage_taken":3410,"minecraft:damage_absorbed":68,"minecraft:trigger_trapped_chest":14,"minecraft:swim_one_cm":53349,"minecraft:fly_one_cm":803130,"minecraft:open_chest":309,"minecraft:fall_one_cm":113610}},"DataVersion":3465}