{"stat.chestOpened":48,"stat.pickup.mw.krag_jorgensen":1,"stat.drop.mw.mp43e":1,"stat.walkOneCm":23412,"stat.pickup.mw.m1941_johnson_rifle":1,"stat.pickup.mw.izhmash_ak12":1,"stat.leaveGame":2,"stat.drop.mw.m1897":1,"stat.pickup.mw.mp43e":1,"stat.flyOneCm":11101,"stat.pickup.mw.dp28":1,"stat.drop":6,"stat.jump":18,"stat.playOneMinute":40302,"stat.pickup.mw.m1_carbine":1,"stat.fallOneCm":209,"stat.climbOneCm":767,"stat.pickup.mw.m1873":1,"stat.pickup.mw.m1897":1,"stat.pickup.mw.bren_mkii":1,"stat.sneakTime":98,"stat.drop.mw.dp28":1,"stat.drop.mw.m16a4":1,"stat.pickup.mw.m16a4":1,"stat.timeSinceDeath":40302,"stat.pickup.mw.g43_gewehr":1,"stat.sprintOneCm":3381,"stat.useItem.minecraft.stone_slab2":1,"stat.drop.mw.m1_carbine":1,"stat.drop.mw.bren_mkii":1}