{"stat.chestOpened":64,"stat.drop.mw.mp43e":1,"stat.walkOneCm":125832,"stat.pickup.mw.izhmash_ak12":1,"stat.playerKills":4,"stat.leaveGame":4,"stat.useItem.mw.mp40mag_2":1,"stat.pickup.mw.dp28":1,"stat.jump":650,"stat.swimOneCm":592,"stat.useItem.mw.m712":90,"stat.pickup.mw.m1_carbine":1,"stat.fallOneCm":12893,"stat.climbOneCm":4031,"stat.pickup.mw.m1873":1,"stat.useItem.mw.kar98k":36,"stat.drop.mw.m249":1,"stat.pickup.mw.bren_mkii":1,"stat.drop.mw.dp28":1,"stat.pickup.mw.g43_gewehr_mag":1,"stat.crouchOneCm":4967,"stat.pickup.mw.m16a4":1,"stat.pickup.mw.m249":1,"stat.pickup.mw.g43_gewehr":1,"stat.pickup.minecraft.dirt":2,"stat.sprintOneCm":66951,"stat.useItem.minecraft.stone_slab2":2,"stat.drop.mw.stg44":1,"stat.useItem.mw.m18white":2,"stat.drop.mw.bren_mkii":1,"stat.pickup.mw.krag_jorgensen":1,"stat.drop.mw.mp40mag_2":8,"stat.pickup.mw.m1941_johnson_rifle":1,"stat.useItem.mw.m712mag_2":3,"stat.damageTaken":2464,"stat.drop.mw.g43_gewehr_mag":1,"stat.drop.mw.m1897":1,"stat.pickup.mw.stg44":1,"stat.pickup.mw.mp40mag_2":3,"stat.pickup.mw.mp43e":1,"stat.useItem.minecraft.golden_apple":30,"stat.flyOneCm":83149,"stat.deaths":1,"stat.drop":17,"stat.pickup.minecraft.wheat_seeds":1,"stat.playOneMinute":85817,"stat.pickup.mw.m1897":1,"stat.sneakTime":3437,"stat.drop.mw.m16a4":1,"stat.useItem.mw.mp40":117,"stat.timeSinceDeath":27310,"stat.useItem.mw.g43_gewehr":130,"stat.drop.mw.m1_carbine":1}