{"stat.pickup.minecraft.bone":2,"stat.drop.mw.srs99":1,"stat.useItem.minecraft.stone":195,"stat.leaveGame":6,"stat.drop.mw.g43_gewehr":1,"stat.pickup.minecraft.arrow":2,"stat.drop.mw.springfield":1,"stat.jump":1809,"stat.swimOneCm":5319,"stat.fallOneCm":38060,"stat.crouchOneCm":2430,"stat.drop.mw.m1941_johnson":1,"stat.pickup.minecraft.dirt":14,"stat.useItem.minecraft.dirt":84,"stat.pickup.mw.g43_gewehr":1,"stat.useItem.minecraft.stone_slab2":8,"stat.killEntity.bandit1":2,"stat.pickup.mw.tablet":1,"stat.pickup.minecraft.rotten_flesh":4,"stat.pickup.mw.wcam":1,"stat.drop.mw.mp40mag_2":2,"stat.pickup.mw.srs99":1,"stat.pickup.minecraft.leather":2,"stat.damageTaken":14363,"stat.drop.minecraft.bone":2,"stat.pickup.mw.m712":1,"stat.pickup.mw.mp40mag_2":2,"stat.flyOneCm":331106,"stat.drop.mw.ntw_20":1,"stat.damageDealt":269,"stat.pickup.mw.pso1":1,"stat.timeSinceDeath":2783,"stat.pickup.mw.springfield":1,"stat.pickup.minecraft.mutton":2,"stat.pickup.mw.remington870":1,"stat.drop.mw.m1928mag":8,"stat.walkOneCm":279812,"stat.playerKills":34,"stat.drop.minecraft.rotten_flesh":3,"stat.drop.minecraft.dirt":2,"stat.killEntity.ZombieVillager":1,"stat.pickup.mw.bullet8x58":59,"stat.pickup.mw.kar98k":1,"stat.drop.mw.tablet":1,"stat.sprintOneCm":190654,"stat.drop.minecraft.leather":2,"stat.pickup.mw.hecu_vest":1,"stat.killEntity.Skeleton":3,"stat.killEntity.Horse":22,"stat.killEntity.Chicken":1,"stat.pickup.mw.m1_garand":1,"stat.mobKills":38,"stat.drop.mw.pso1":1,"stat.useItem.minecraft.golden_apple":63,"stat.deaths":43,"stat.drop":29,"stat.playOneMinute":141923,"stat.killEntity.Sheep":5,"stat.sneakTime":3110,"stat.pickup.minecraft.wool":1,"stat.drop.mw.wcam":1,"stat.killEntity.Zombie":2,"stat.drop.minecraft.arrow":2,"stat.mineBlock.minecraft.tallgrass":3,"stat.diveOneCm":6299}