{"stats":{"minecraft:used":{"farmersdelight:rope":14,"spartanweaponry:diamond_heavy_crossbow":2,"minecraft:grass_block":1,"minecraft:zombie_spawn_egg":12,"hunting_delight:rawsquid":1},"minecraft:picked_up":{"tac:m870_classic":5,"hunting_delight:humanmeat":17,"tac:10_gauge_round":150,"minecraft:porkchop":4,"zombie_extreme:exo_suit_boots":5,"hunting_delight:horsemeat":15,"minecraft:ink_sac":1,"zombie_extreme:gas_mask_helmet":5,"zombie_extreme:exo_suit_leggings":5,"minecraft:string":4,"zombie_extreme:exo_suit_chestplate":5,"tac:ak47":5,"minecraft:bone":13,"minecraft:rotten_flesh":8,"minecraft:slime_ball":1,"hunting_delight:rawsquid":1,"minecraft:mutton":1,"minecraft:white_wool":1},"minecraft:killed":{"minecraft:sheep":7,"minecraft:horse":3,"minecraft:skeleton":2,"minecraft:zombie":9,"minecraft:pig":5,"zombie_extreme:infected":2,"minecraft:salmon":1,"fatzombie:fat_zombie_green":3,"minecraft:spider":3,"minecraft:villager":2,"zombie_extreme:bomber":1,"minecraft:zombie_horse":5,"minecraft:creeper":1,"minecraft:squid":1},"minecraft:dropped":{"minecraft:porkchop":4,"minecraft:ink_sac":1,"minecraft:mutton":1,"minecraft:white_wool":1},"minecraft:custom":{"minecraft:time_since_rest":0,"minecraft:sprint_one_cm":49882,"minecraft:damage_taken":216,"minecraft:walk_one_cm":46355,"minecraft:mob_kills":45,"minecraft:drop":7,"minecraft:damage_dealt":99,"minecraft:swim_one_cm":2637,"minecraft:talked_to_villager":9,"minecraft:fly_one_cm":66615,"minecraft:crouch_one_cm":132,"minecraft:play_time":19649,"minecraft:deaths":6,"minecraft:sneak_time":272,"minecraft:walk_under_water_one_cm":4233,"minecraft:jump":269,"minecraft:damage_dealt_resisted":40,"minecraft:leave_game":1,"minecraft:time_since_death":0,"minecraft:walk_on_water_one_cm":2138,"minecraft:total_world_time":19649,"minecraft:climb_one_cm":603,"minecraft:fall_one_cm":209},"minecraft:killed_by":{"minecraft:skeleton":3,"fatzombie:fat_zombie_green":3}},"DataVersion":2975}