{"stat.chestOpened":61,"stat.drop.mw.mp43e":1,"stat.walkOneCm":47227,"stat.pickup.mw.izhmash_ak12":1,"stat.playerKills":1,"stat.leaveGame":3,"stat.pickup.mw.dp28":1,"stat.jump":112,"stat.pickup.mw.m1_carbine":1,"stat.fallOneCm":1565,"stat.climbOneCm":1571,"stat.pickup.mw.m1873":1,"stat.drop.mw.m249":1,"stat.pickup.mw.bren_mkii":1,"stat.drop.mw.dp28":1,"stat.crouchOneCm":62,"stat.pickup.mw.m16a4":1,"stat.pickup.mw.m249":1,"stat.pickup.mw.g43_gewehr":1,"stat.sprintOneCm":19082,"stat.useItem.minecraft.stone_slab2":1,"stat.drop.mw.stg44":1,"stat.drop.mw.bren_mkii":1,"stat.pickup.mw.krag_jorgensen":1,"stat.pickup.mw.m1941_johnson_rifle":1,"stat.drop.mw.g43_gewehr_mag":1,"stat.drop.mw.m1897":1,"stat.pickup.mw.stg44":1,"stat.pickup.mw.mp43e":1,"stat.useItem.minecraft.golden_apple":2,"stat.flyOneCm":27773,"stat.drop":9,"stat.playOneMinute":58082,"stat.pickup.mw.m1897":1,"stat.sneakTime":161,"stat.drop.mw.m16a4":1,"stat.timeSinceDeath":58082,"stat.drop.mw.m1_carbine":1}