{
  "cold_sweat:recipes/soulspring_lamp": {
    "criteria": {
      "has_recipe": "2024-06-03 23:11:02 +0000"
    },
    "done": true
  },
  "cold_sweat:recipes/waterskin": {
    "criteria": {
      "has_recipe": "2024-06-03 23:11:02 +0000"
    },
    "done": true
  },
  "cold_sweat:recipes/thermolith": {
    "criteria": {
      "has_recipe": "2024-06-03 23:11:02 +0000"
    },
    "done": true
  },
  "cold_sweat:recipes/hoglin_armor": {
    "criteria": {
      "has_helm_recipe": "2024-06-03 23:11:02 +0000"
    },
    "done": true
  },
  "cold_sweat:recipes/thermometer": {
    "criteria": {
      "has_recipe": "2024-06-03 23:11:02 +0000"
    },
    "done": true
  },
  "undead_revamp2:theundeadchallenges": {
    "criteria": {
      "theundeadchallenges": "2024-06-03 23:11:03 +0000"
    },
    "done": true
  },
  "parcool:grant_parcool_guide": {
    "criteria": {
      "tick": "2024-06-03 23:11:03 +0000"
    },
    "done": true
  },
  "farmersdelight:main/root": {
    "criteria": {
      "seeds": "2024-06-03 23:11:03 +0000"
    },
    "done": true
  },
  "cold_sweat:root": {
    "criteria": {
      "requirement": "2024-06-03 23:11:03 +0000"
    },
    "done": true
  },
  "cold_sweat:extreme_temps": {
    "criteria": {
      "requirement": "2024-06-03 23:11:03 +0000"
    },
    "done": true
  },
  "minecraft:adventure/adventuring_time": {
    "criteria": {
      "minecraft:deep_ocean": "2024-06-04 21:41:50 +0000",
      "minecraft:river": "2024-06-04 00:44:58 +0000",
      "minecraft:ocean": "2024-06-04 00:55:13 +0000",
      "minecraft:plains": "2024-06-03 23:11:04 +0000"
    },
    "done": false
  },
  "minecraft:story/obtain_armor": {
    "criteria": {
      "iron_leggings": "2024-06-03 23:29:35 +0000"
    },
    "done": true
  },
  "minecraft:story/iron_tools": {
    "criteria": {
      "iron_pickaxe": "2024-06-03 23:29:51 +0000"
    },
    "done": true
  },
  "minecraft:husbandry/balanced_diet": {
    "criteria": {
      "cooked_porkchop": "2024-06-04 22:14:29 +0000",
      "cooked_mutton": "2024-06-04 00:11:33 +0000",
      "cooked_beef": "2024-06-03 23:33:37 +0000",
      "apple": "2024-06-04 20:11:47 +0000",
      "golden_apple": "2024-06-04 00:14:31 +0000"
    },
    "done": false
  },
  "minecraft:husbandry/root": {
    "criteria": {
      "consumed_item": "2024-06-03 23:33:37 +0000"
    },
    "done": true
  },
  "apollyon:apollyon": {
    "criteria": {
      "apollyon": "2024-06-03 23:41:50 +0000"
    },
    "done": true
  },
  "minecraft:adventure/root": {
    "criteria": {
      "killed_something": "2024-06-04 00:10:00 +0000"
    },
    "done": true
  },
  "minecraft:adventure/kill_all_mobs": {
    "criteria": {
      "minecraft:husk": "2024-06-04 20:28:21 +0000",
      "minecraft:zombie": "2024-06-04 00:10:14 +0000"
    },
    "done": false
  },
  "minecraft:adventure/kill_a_mob": {
    "criteria": {
      "minecraft:zombie": "2024-06-04 00:10:14 +0000"
    },
    "done": true
  },
  "minecraft:story/mine_stone": {
    "criteria": {
      "get_stone": "2024-06-04 00:19:11 +0000"
    },
    "done": true
  },
  "minecraft:story/root": {
    "criteria": {
      "crafting_table": "2024-06-04 00:23:25 +0000"
    },
    "done": true
  },
  "minecraft:story/upgrade_tools": {
    "criteria": {
      "stone_pickaxe": "2024-06-04 00:23:37 +0000"
    },
    "done": true
  },
  "minecraft:adventure/sleep_in_bed": {
    "criteria": {
      "slept_in_bed": "2024-06-04 00:37:10 +0000"
    },
    "done": true
  },
  "apollyon:condemned_to_die": {
    "criteria": {
      "condemned_to_die": "2024-06-04 00:38:57 +0000"
    },
    "done": true
  },
  "realisticforging:two_sticks_advancements": {
    "criteria": {
      "two_sticks_advancements_0": "2024-06-04 19:58:25 +0000"
    },
    "done": true
  },
  "minecraft:story/smelt_iron": {
    "criteria": {
      "iron": "2024-06-04 20:07:35 +0000"
    },
    "done": true
  },
  "minecraft:adventure/shoot_arrow": {
    "criteria": {
      "shot_arrow": "2024-06-04 20:28:13 +0000"
    },
    "done": true
  },
  "spore:spore": {
    "criteria": {
      "requirement": "2024-06-04 21:59:37 +0000"
    },
    "done": true
  },
  "realisticforging:crafting_blacksmith_tongs_advancement": {
    "criteria": {
      "crafting_blacksmith_tongs_advancement_0": "2024-06-04 22:28:46 +0000"
    },
    "done": true
  },
  "realisticforging:smithing_hammer_achievement": {
    "criteria": {
      "smithing_hammer_achievement_0": "2024-06-04 22:30:05 +0000"
    },
    "done": true
  },
  "DataVersion": 3465
}